model,kind,gamma,D,p2_target,n_target,rep,n,m,avg_deg,N1,N2,p2_emp,giant_frac,giant_lambda2,core_frac,core_n,core_lambda2
pl_g2.5_D3,pl,2.5,3,,1000,2,1000,1135,2.27,0,730,0.73,1.0,0.007952095687556181,1.0,1000,0.007952095687556181
pl_g2.5_D3,pl,2.5,3,,1000,3,1000,1139,2.278,0,723,0.723,1.0,0.008142258525839286,1.0,1000,0.008142258525839286
pl_g2.5_D3,pl,2.5,3,,1000,1,1000,1126,2.252,1,746,0.746,1.0,0.006619497228434141,0.998,998,0.006626397263977381
pl_g2.5_D3,pl,2.5,3,,1000,0,1000,1143,2.286,0,714,0.714,1.0,0.008862354535866021,1.0,1000,0.008862354535866021
pl_g2.5_D3,pl,2.5,3,,1000,4,1000,1132,2.264,1,734,0.734,1.0,0.007920178287662663,0.997,997,0.007925650408208374
pl_g2.5_D3,pl,2.5,3,,1000,5,1000,1136,2.272,0,728,0.728,1.0,0.008244037980265064,1.0,1000,0.008244037980265064
pl_g2.5_D3,pl,2.5,3,,1000,7,999,1129,2.26026026026026,0,739,0.7397397397397397,1.0,0.007365458398448037,1.0,999,0.007365458398448037
pl_g2.5_D3,pl,2.5,3,,1000,6,999,1141,2.284284284284284,0,715,0.7157157157157157,1.0,0.008458665187785248,1.0,999,0.008458665187785248
pl_g2.5_D3,pl,2.5,3,,1000,8,1000,1138,2.276,1,722,0.722,1.0,0.007724078539407151,0.998,998,0.007724091412768378
pl_g2.5_D3,pl,2.5,3,,1000,9,1000,1132,2.264,0,736,0.736,1.0,0.00676947374279856,1.0,1000,0.00676947374279856
pl_g2.5_D3,pl,2.5,3,,1000,10,999,1141,2.284284284284284,1,714,0.7147147147147147,1.0,0.006020771652440023,0.997997997997998,997,0.00602079712882277
pl_g2.5_D3,pl,2.5,3,,1000,11,999,1135,2.2722722722722724,1,725,0.7257257257257257,1.0,0.00849279215936645,0.998998998998999,998,0.008499801247483554
pl_g2.5_D3,pl,2.5,3,,1000,16,1000,1140,2.28,0,720,0.72,0.997,0.007429563511201291,1.0,1000,0.0
pl_g2.5_D3,pl,2.5,3,,1000,15,1000,1131,2.262,2,734,0.734,0.998,0.007027219977605831,0.998,998,0.007027219977605831
pl_g2.5_D3,pl,2.5,3,,1000,12,1000,1119,2.238,3,756,0.756,1.0,0.0060379497278405,0.982,982,0.006172826999239174
pl_g2.5_D3,pl,2.5,3,,1000,13,1000,1136,2.272,0,728,0.728,1.0,0.007940520792321265,1.0,1000,0.007940520792321265
pl_g2.5_D3,pl,2.5,3,,1000,14,1000,1126,2.252,3,742,0.742,1.0,0.006607659994274034,0.99,990,0.006665923032380706
pl_g2.5_D3,pl,2.5,3,,1000,17,1000,1126,2.252,3,742,0.742,1.0,0.006526015049702849,0.997,997,0.00654638454397623
pl_g2.5_D3,pl,2.5,3,,1000,18,1000,1125,2.25,0,751,0.751,1.0,0.00667152749021026,1.0,1000,0.00667152749021026
pl_g2.5_D3,pl,2.5,3,,1000,19,1000,1142,2.284,2,712,0.712,1.0,0.009323449278468537,0.994,994,0.009327855109746675
pl_g2.5_D3,pl,2.5,3,,10000,0,10000,11355,2.271,0,7290,0.729,1.0,0.00531589400203103,1.0,10000,0.005315894002022592
pl_g2.5_D3,pl,2.5,3,,10000,1,10000,11368,2.2736,2,7260,0.726,1.0,0.006372421978969811,0.9991,9991,0.006372641745080232
pl_g2.5_D3,pl,2.5,3,,10000,2,10000,11379,2.2758,6,7230,0.723,0.9996,0.007280722884469126,0.9992,9992,0.007281427756313796
pl_g2.5_D3,pl,2.5,3,,10000,4,10000,11337,2.2674,0,7326,0.7326,1.0,0.005252638840213653,1.0,10000,0.005252638840200996
pl_g2.5_D3,pl,2.5,3,,10000,3,9999,11357,2.2716271627162716,0,7283,0.7283728372837284,1.0,0.006784249524480757,1.0,9999,0.006784249524472985
pl_g2.5_D3,pl,2.5,3,,10000,5,10000,11309,2.2618,2,7378,0.7378,1.0,0.005746186412801446,0.9997,9997,0.005746190970408183
pl_g2.5_D3,pl,2.5,3,,10000,6,10000,11344,2.2688,2,7309,0.7309,0.9995,0.006812859243827241,0.9997,9997,0.0
pl_g2.5_D3,pl,2.5,3,,10000,8,10000,11318,2.2636,1,7362,0.7362,0.9997,0.006495905253270928,0.9999,9999,0.0
pl_g2.5_D3,pl,2.5,3,,10000,7,9998,11345,2.2694538907781556,1,7303,0.7304460892178436,1.0,0.006563229103318857,0.9998999799959992,9997,0.0065632363189431775
pl_g2.5_D3,pl,2.5,3,,10000,11,10000,11349,2.2698,1,7300,0.73,1.0,0.00603365249319654,0.9997,9997,0.006034193896112816
pl_g2.5_D3,pl,2.5,3,,10000,13,10000,11324,2.2648,0,7353,0.7353,1.0,0.0054410636314619065,1.0,10000,0.005441063631453025
pl_g2.5_D3,pl,2.5,3,,10000,12,10000,11313,2.2626,1,7372,0.7372,1.0,0.005839396910041206,0.9997,9997,0.005839411623582924
pl_g2.5_D3,pl,2.5,3,,10000,10,10000,11357,2.2714,1,7284,0.7284,1.0,0.0068338923260007345,0.9998,9998,0.006837081346049878
pl_g2.5_D3,pl,2.5,3,,10000,14,9999,11353,2.2708270827082706,0,7291,0.7291729172917292,1.0,0.004229054650630726,1.0,9999,0.004229054650616737
pl_g2.5_D3,pl,2.5,3,,10000,15,10000,11315,2.263,1,7368,0.7368,1.0,0.004594803858633867,0.9999,9999,0.00459480549240876
pl_g2.5_D3,pl,2.5,3,,10000,17,9999,11329,2.2660266026602662,2,7335,0.7335733573357336,0.9997999799979999,0.004788726613268679,0.9997999799979999,9997,0.004788726613266903
pl_g2.5_D3,pl,2.5,3,,10000,9,10000,11319,2.2638,2,7359,0.7359,1.0,0.0062652462823458155,0.9993,9993,0.006265339304940998
pl_g2.5_D3,pl,2.5,3,,10000,16,10000,11316,2.2632,0,7369,0.7369,1.0,0.005802369068145463,1.0,10000,0.005802369068104163
pl_g2.5_D3,pl,2.5,3,,10000,19,10000,11321,2.2642,1,7356,0.7356,1.0,0.003977100063687455,0.9997,9997,0.003977141162668341
pl_g2.5_D3,pl,2.5,3,,10000,18,10000,11356,2.2712,1,7286,0.7286,1.0,0.005267640912837157,0.9999,9999,0.0052676460593248375
pl_g2.5_D3,pl,2.5,3,,100000,0,100000,113227,2.26454,2,73542,0.73542,0.99998,0.004843214264642848,0.99998,99998,0.004843214264673268
pl_g2.5_D3,pl,2.5,3,,100000,3,100000,113268,2.26536,0,73464,0.73464,1.0,0.004601545419525177,1.0,100000,0.004601545419518072
pl_g2.5_D3,pl,2.5,3,,100000,1,100000,113314,2.26628,0,73372,0.73372,1.0,0.004418108977728208,1.0,100000,0.0044181089777413085
pl_g2.5_D3,pl,2.5,3,,100000,2,99998,113391,2.267865357307146,2,73208,0.7320946418928379,1.0,0.003360428382837455,0.99994999899998,99993,0.003360428414215688
pl_g2.5_D3,pl,2.5,3,,100000,5,99997,113335,2.266768003040091,0,73321,0.7332319969599088,1.0,0.004976348685451493,1.0,99997,0.004976348685445275
pl_g2.5_D3,pl,2.5,3,,100000,4,100000,113274,2.26548,2,73449,0.73449,0.99998,0.005283589266323663,0.99998,99998,0.005283589266370736
pl_g2.5_D3,pl,2.5,3,,100000,9,99999,113216,2.2643426434264344,1,73563,0.7356373563735638,1.0,0.0036869992725350187,0.999989999899999,99998,0.003686999356710352
pl_g2.5_D3,pl,2.5,3,,100000,7,100000,113204,2.26408,1,73590,0.7359,1.0,0.004649448266915712,0.99996,99996,0.004649449101982839
pl_g2.5_D3,pl,2.5,3,,100000,10,100000,113276,2.26552,1,73446,0.73446,1.0,0.003769513698648863,0.99999,99999,0.003769513751379572
pl_g2.5_D3,pl,2.5,3,,100000,6,100000,113291,2.26582,0,73419,0.73419,1.0,0.0048013452543802515,1.0,100000,0.004801345254403122
pl_g2.5_D3,pl,2.5,3,,100000,11,100000,113329,2.26658,0,73342,0.73342,1.0,0.0047627016840618985,1.0,100000,0.004762701684063453
pl_g2.5_D3,pl,2.5,3,,100000,12,100000,113305,2.2661,3,73384,0.73384,0.99998,0.004013573843077101,0.99996,99996,0.004013574147314625
pl_g2.5_D3,pl,2.5,3,,100000,8,99999,113346,2.2669426694266943,1,73303,0.7330373303733038,1.0,0.005423351821342015,0.999929999299993,99992,0.0054233542526085365
pl_g2.5_D3,pl,2.5,3,,100000,15,100000,113286,2.26572,1,73426,0.73426,1.0,0.004575688940842815,0.99995,99995,0.0045756938806988945
pl_g2.5_D3,pl,2.5,3,,100000,14,100000,113261,2.26522,0,73478,0.73478,1.0,0.004851573814373733,1.0,100000,0.004851573814382837
pl_g2.5_D4,pl,2.5,4,,1000,0,1000,1225,2.45,0,667,0.667,1.0,0.0192766726518639,1.0,1000,0.0192766726518639
pl_g2.5_D4,pl,2.5,4,,1000,1,1000,1227,2.454,0,658,0.658,1.0,0.01639258463498618,1.0,1000,0.01639258463498618
pl_g2.5_D4,pl,2.5,4,,1000,2,1000,1234,2.468,1,641,0.641,1.0,0.01739397539981407,0.999,999,0.017394464220387155
pl_g2.5_D4,pl,2.5,4,,1000,3,1000,1215,2.43,2,652,0.652,1.0,0.016934107932052293,0.997,997,0.016939333378629635
pl_g2.5_D4,pl,2.5,4,,1000,4,1000,1226,2.452,1,651,0.651,1.0,0.016566344786375725,0.998,998,0.01656699178931094
pl_g2.5_D4,pl,2.5,4,,1000,5,1000,1230,2.46,0,646,0.646,1.0,0.017410117496664913,1.0,1000,0.017410117496664913
pl_g2.5_D4,pl,2.5,4,,1000,6,999,1227,2.4564564564564564,0,670,0.6706706706706707,1.0,0.015760206141300016,1.0,999,0.015760206141300016
pl_g2.5_D4,pl,2.5,4,,1000,7,1000,1224,2.448,0,659,0.659,1.0,0.01789650878991,1.0,1000,0.01789650878991
pl_g2.5_D4,pl,2.5,4,,1000,8,1000,1239,2.478,0,642,0.642,1.0,0.015091093108973084,1.0,1000,0.015091093108973084
pl_g2.5_D4,pl,2.5,4,,1000,9,1000,1220,2.44,0,671,0.671,1.0,0.008214122462273252,1.0,1000,0.008214122462273252
pl_g2.5_D3,pl,2.5,3,,100000,18,99999,113291,2.265842658426584,2,73411,0.7341173411734118,1.0,0.004233122393128008,0.999959999599996,99995,0.004233125587710607
pl_g2.5_D4,pl,2.5,4,,1000,10,1000,1220,2.44,0,664,0.664,1.0,0.01806957465309831,1.0,1000,0.01806957465309831
pl_g2.5_D4,pl,2.5,4,,1000,12,1000,1262,2.524,0,617,0.617,1.0,0.024207453388564917,1.0,1000,0.024207453388564917
pl_g2.5_D4,pl,2.5,4,,1000,11,999,1226,2.4544544544544546,0,667,0.6676676676676677,1.0,0.012591323532377626,1.0,999,0.012591323532377626
pl_g2.5_D4,pl,2.5,4,,1000,13,1000,1230,2.46,1,654,0.654,1.0,0.015041681983815605,0.999,999,0.01504522927733702
pl_g2.5_D4,pl,2.5,4,,1000,14,1000,1241,2.482,0,645,0.645,1.0,0.01962666756407508,1.0,1000,0.01962666756407508
pl_g2.5_D4,pl,2.5,4,,1000,16,999,1218,2.4384384384384385,0,673,0.6736736736736737,1.0,0.013148579481456708,1.0,999,0.013148579481456708
pl_g2.5_D4,pl,2.5,4,,1000,15,1000,1229,2.458,1,648,0.648,1.0,0.015501930122993252,0.999,999,0.015506949721303263
pl_g2.5_D4,pl,2.5,4,,1000,17,1000,1225,2.45,0,651,0.651,1.0,0.01453923012217811,1.0,1000,0.01453923012217811
pl_g2.5_D4,pl,2.5,4,,1000,18,998,1221,2.44689378757515,1,652,0.6533066132264529,1.0,0.012173513123710004,0.998997995991984,997,0.01217394533000799
pl_g2.5_D4,pl,2.5,4,,1000,19,1000,1237,2.474,0,642,0.642,1.0,0.013969283778870944,1.0,1000,0.013969283778870944
pl_g2.5_D4,pl,2.5,4,,10000,0,10000,12283,2.4566,2,6576,0.6576,1.0,0.013576782269812293,0.9994,9994,0.01357703147733158
pl_g2.5_D4,pl,2.5,4,,10000,2,10000,12353,2.4706,2,6461,0.6461,1.0,0.012568174331293092,0.9997,9997,0.01256822749263753
pl_g2.5_D4,pl,2.5,4,,10000,1,10000,12410,2.482,1,6390,0.639,1.0,0.015933409115297392,0.9997,9997,0.01593573048640584
pl_g2.5_D3,pl,2.5,3,,100000,16,100000,113344,2.26688,0,73313,0.73313,1.0,0.004958312647330709,1.0,100000,0.004958312647262986
pl_g2.5_D3,pl,2.5,3,,100000,13,100000,113244,2.26488,0,73512,0.73512,1.0,0.005132318924843338,1.0,100000,0.00513231892480337
pl_g2.5_D4,pl,2.5,4,,10000,3,10000,12338,2.4676,1,6508,0.6508,1.0,0.012814559178562224,0.9999,9999,0.012814591785049512
pl_g2.5_D4,pl,2.5,4,,10000,4,9999,12350,2.4702470247024704,1,6475,0.6475647564756476,1.0,0.012336042170488781,0.9998999899989999,9998,0.012336052685031351
pl_g2.5_D4,pl,2.5,4,,10000,7,9998,12321,2.4646929385877177,1,6501,0.6502300460092019,1.0,0.014142175392021894,0.9998999799959992,9997,0.014142239648952337
pl_g2.5_D4,pl,2.5,4,,10000,8,10000,12360,2.472,0,6394,0.6394,1.0,0.014574809551454626,1.0,10000,0.014574809551453516
pl_g2.5_D4,pl,2.5,4,,10000,5,10000,12376,2.4752,2,6466,0.6466,1.0,0.015426145949057002,0.9998,9998,0.015426228627966276
pl_g2.5_D4,pl,2.5,4,,10000,6,9998,12285,2.45749149829966,0,6543,0.6544308861772354,1.0,0.009463746654788885,1.0,9998,0.009463746654786886
pl_g2.5_D4,pl,2.5,4,,10000,9,10000,12338,2.4676,3,6456,0.6456,0.9998,0.013084335990605211,0.9996,9996,0.01308438712877491
pl_g2.5_D4,pl,2.5,4,,10000,13,9999,12325,2.465246524652465,3,6489,0.648964896489649,0.9994999499949995,0.012258838538115713,0.9995999599959996,9995,0.0
pl_g2.5_D4,pl,2.5,4,,10000,10,10000,12256,2.4512,0,6602,0.6602,1.0,0.009505554040683872,1.0,10000,0.00950555404068898
pl_g2.5_D4,pl,2.5,4,,10000,12,10000,12330,2.466,0,6495,0.6495,1.0,0.014060068547188997,1.0,10000,0.014060068547185223
pl_g2.5_D4,pl,2.5,4,,10000,11,9999,12365,2.473247324732473,2,6437,0.6437643764376437,1.0,0.01666851684324211,0.9995999599959996,9995,0.016668638008567882
pl_g2.5_D4,pl,2.5,4,,10000,14,9999,12331,2.4664466446644666,0,6479,0.647964796479648,1.0,0.008606563313696691,1.0,9999,0.008606563313698024
pl_g2.5_D4,pl,2.5,4,,10000,15,10000,12265,2.453,3,6570,0.657,1.0,0.010248502409496263,0.9991,9991,0.01024855672049707
pl_g2.5_D4,pl,2.5,4,,10000,16,10000,12351,2.4702,1,6472,0.6472,1.0,0.013359160097177192,0.9997,9997,0.01335919228013771
pl_g2.5_D4,pl,2.5,4,,10000,18,10000,12344,2.4688,1,6457,0.6457,1.0,0.010760359076962045,0.9998,9998,0.010760371027712434
pl_g2.5_D4,pl,2.5,4,,10000,17,10000,12378,2.4756,1,6456,0.6456,1.0,0.014451995676185048,0.9999,9999,0.014452012517153667
pl_g2.5_D4,pl,2.5,4,,10000,19,10000,12341,2.4682,1,6486,0.6486,1.0,0.011392155572265583,0.9996,9996,0.01139219876416142
pl_g2.5_D3,pl,2.5,3,,100000,17,100000,113258,2.26516,1,73482,0.73482,1.0,0.005090899662414161,0.99998,99998,0.005090900859768377
pl_g2.5_D4,pl,2.5,4,,100000,0,100000,123220,2.4644,2,65035,0.65035,0.99998,0.010601560815767241,0.99998,99998,0.010601560815761912
pl_g2.5_D3,pl,2.5,3,,100000,19,100000,113257,2.26514,0,73486,0.73486,1.0,0.004640212323676618,1.0,100000,0.00464021232367684
pl_g2.5_D4,pl,2.5,4,,100000,2,99999,123217,2.4643646436464364,1,65053,0.6505365053650537,1.0,0.010540278728229824,0.999979999799998,99997,0.010540279368017158
pl_g2.5_D4,pl,2.5,4,,100000,3,100000,123349,2.46698,0,64899,0.64899,1.0,0.01052428246307091,1.0,100000,0.010524282463073131
pl_g2.5_D4,pl,2.5,4,,100000,1,100000,123261,2.46522,0,64836,0.64836,1.0,0.01138990880737234,1.0,100000,0.011389908807375226
pl_g2.5_D4,pl,2.5,4,,100000,4,100000,123331,2.46662,1,64792,0.64792,1.0,0.009220991222076202,0.99997,99997,0.009220991325035177
pl_g2.5_D4,pl,2.5,4,,100000,6,100000,123059,2.46118,0,65187,0.65187,1.0,0.010878396126012824,1.0,100000,0.010878396125989731
pl_g2.5_D4,pl,2.5,4,,100000,8,99999,123182,2.4636646366463664,0,64962,0.6496264962649626,1.0,0.008529054715666229,1.0,99999,0.008529054715683326
pl_g2.5_D4,pl,2.5,4,,100000,7,100000,123274,2.46548,1,64932,0.64932,1.0,0.011780812067492041,0.99998,99998,0.01178081479881965
pl_g2.5_D4,pl,2.5,4,,100000,9,99998,123377,2.4675893517870358,1,64762,0.6476329526590532,1.0,0.008705059339954024,0.999989999799996,99997,0.008705059362116074
pl_g2.5_D4,pl,2.5,4,,100000,10,100000,123305,2.4661,3,64907,0.64907,0.99998,0.00578869624561551,0.99997,99997,0.005788696681048755
pl_g2.5_D4,pl,2.5,4,,100000,11,99999,123379,2.4676046760467605,1,64818,0.6481864818648186,1.0,0.007785045610845032,0.999979999799998,99997,0.007785045747468855
pl_g2.5_D4,pl,2.5,4,,100000,5,100000,123256,2.46512,0,64960,0.6496,1.0,0.012186183900394942,1.0,100000,0.01218618390040449
pl_g2.5_D4,pl,2.5,4,,100000,13,100000,123172,2.46344,0,65145,0.65145,1.0,0.007366392318347792,1.0,100000,0.007366392318327364
pl_g2.5_D4,pl,2.5,4,,100000,15,100000,123279,2.46558,2,64924,0.64924,1.0,0.008847702412896341,0.99998,99998,0.008847703049572386
pl_g2.5_D4,pl,2.5,4,,100000,16,100000,123254,2.46508,1,64945,0.64945,1.0,0.010352248595148827,0.99997,99997,0.010352251359203812
pl_g2.5_D5,pl,2.5,5,,1000,0,1000,1284,2.568,1,643,0.643,1.0,0.024540104149448322,0.999,999,0.024543496070464875
pl_g2.5_D5,pl,2.5,5,,1000,1,1000,1307,2.614,0,619,0.619,1.0,0.024961977600074674,1.0,1000,0.024961977600074674
pl_g2.5_D5,pl,2.5,5,,1000,2,999,1286,2.5745745745745747,2,616,0.6166166166166166,1.0,0.017964918288476482,0.997997997997998,997,0.01796533881655114
pl_g2.5_D5,pl,2.5,5,,1000,3,1000,1318,2.636,0,609,0.609,1.0,0.027220093958097536,1.0,1000,0.027220093958097536
pl_g2.5_D5,pl,2.5,5,,1000,4,1000,1298,2.596,0,632,0.632,1.0,0.014605769265549138,1.0,1000,0.014605769265549138
pl_g2.5_D4,pl,2.5,4,,100000,12,100000,123055,2.4611,1,65246,0.65246,1.0,0.011624396343305143,0.99998,99998,0.011624397214706761
pl_g2.5_D5,pl,2.5,5,,1000,5,1000,1330,2.66,2,584,0.584,1.0,0.024476138077325224,0.998,998,0.02448124618778023
pl_g2.5_D5,pl,2.5,5,,1000,6,1000,1279,2.558,0,619,0.619,1.0,0.019585146030786964,1.0,1000,0.019585146030786964
pl_g2.5_D5,pl,2.5,5,,1000,7,1000,1321,2.642,1,601,0.601,1.0,0.022429746553487465,0.994,994,0.03174725522671256
pl_g2.5_D5,pl,2.5,5,,1000,8,1000,1331,2.662,1,594,0.594,1.0,0.03179388874632521,0.999,999,0.03179402810953234
pl_g2.5_D5,pl,2.5,5,,1000,9,1000,1299,2.598,0,614,0.614,1.0,0.023407516361667158,1.0,1000,0.023407516361667158
pl_g2.5_D5,pl,2.5,5,,1000,10,1000,1315,2.63,1,611,0.611,1.0,0.02498539140754218,0.998,998,0.024991051176675248
pl_g2.5_D5,pl,2.5,5,,1000,11,999,1295,2.5925925925925926,0,604,0.6046046046046046,1.0,0.02590897601880019,1.0,999,0.02590897601880019
pl_g2.5_D5,pl,2.5,5,,1000,12,1000,1287,2.574,3,616,0.616,1.0,0.01793910950691584,0.995,995,0.017945703671694825
pl_g2.5_D5,pl,2.5,5,,1000,13,1000,1302,2.604,1,620,0.62,1.0,0.023762346129819364,0.996,996,0.02376777151128634
pl_g2.5_D5,pl,2.5,5,,1000,14,1000,1304,2.608,1,610,0.61,1.0,0.030121647126466165,0.998,998,0.03012350102834276
pl_g2.5_D5,pl,2.5,5,,1000,15,1000,1320,2.64,0,600,0.6,1.0,0.03162959239451176,1.0,1000,0.03162959239451176
pl_g2.5_D4,pl,2.5,4,,100000,14,100000,123351,2.46702,0,64900,0.649,1.0,0.011369071933538644,1.0,100000,0.011369071933544195
pl_g2.5_D5,pl,2.5,5,,1000,16,1000,1328,2.656,0,603,0.603,1.0,0.03375724798985567,1.0,1000,0.03375724798985567
pl_g2.5_D5,pl,2.5,5,,1000,17,998,1343,2.691382765531062,2,565,0.5661322645290581,1.0,0.030306634638230523,0.996993987975952,995,0.03032090558883922
pl_g2.5_D4,pl,2.5,4,,100000,17,99999,123369,2.4674046740467404,1,64890,0.6489064890648907,1.0,0.011943015011641078,0.999979999799998,99997,0.011943015634352516
pl_g2.5_D5,pl,2.5,5,,1000,18,1000,1322,2.644,0,595,0.595,1.0,0.027806391595634458,1.0,1000,0.027806391595634458
pl_g2.5_D5,pl,2.5,5,,1000,19,1000,1309,2.618,1,617,0.617,1.0,0.028273755330918963,0.999,999,0.028278467133771967
pl_g2.5_D5,pl,2.5,5,,10000,1,10000,13087,2.6174,0,6125,0.6125,1.0,0.014834521428857661,1.0,10000,0.01483452142884012
pl_g2.5_D5,pl,2.5,5,,10000,0,10000,13164,2.6328,0,6033,0.6033,1.0,0.01654415464671244,1.0,10000,0.016544154646709774
pl_g2.5_D4,pl,2.5,4,,100000,18,100000,123139,2.46278,2,65015,0.65015,0.99998,0.010188960013617798,0.99998,99998,0.010188960013607806
pl_g2.5_D5,pl,2.5,5,,10000,4,10000,13118,2.6236,0,6060,0.606,1.0,0.019177581993735426,1.0,10000,0.019177581993727655
pl_g2.5_D5,pl,2.5,5,,10000,3,9999,13186,2.6374637463746375,0,6044,0.6044604460446045,1.0,0.018268443427835956,1.0,9999,0.018268443427839287
pl_g2.5_D5,pl,2.5,5,,10000,5,10000,13028,2.6056,2,6168,0.6168,1.0,0.017278149939267795,0.9998,9998,0.017278173114525508
pl_g2.5_D5,pl,2.5,5,,10000,8,10000,13097,2.6194,0,6115,0.6115,1.0,0.02033328263665579,1.0,10000,0.020333282636662675
pl_g2.5_D5,pl,2.5,5,,10000,2,10000,13038,2.6076,0,6146,0.6146,1.0,0.01826680269215908,1.0,10000,0.018266802692155304
pl_g2.5_D5,pl,2.5,5,,10000,9,10000,13126,2.6252,0,6090,0.609,1.0,0.023327249404024197,1.0,10000,0.023327249404040185
pl_g2.5_D5,pl,2.5,5,,10000,6,10000,13197,2.6394,0,6054,0.6054,1.0,0.021704538536935436,1.0,10000,0.021704538536930995
pl_g2.5_D5,pl,2.5,5,,10000,7,10000,13103,2.6206,2,6107,0.6107,1.0,0.023661937941546363,0.9998,9998,0.023662013613315658
pl_g2.5_D5,pl,2.5,5,,10000,10,10000,13136,2.6272,0,6079,0.6079,1.0,0.01606481558398487,1.0,10000,0.01606481558396644
pl_g2.5_D5,pl,2.5,5,,10000,11,10000,13023,2.6046,0,6190,0.619,1.0,0.021006171086014547,1.0,10000,0.02100617108601921
pl_g2.5_D5,pl,2.5,5,,10000,12,10000,13134,2.6268,1,6068,0.6068,1.0,0.01597422641341728,0.9997,9997,0.01597424710187001
pl_g2.5_D5,pl,2.5,5,,10000,13,9999,13127,2.6256625662566258,0,6095,0.6095609560956096,1.0,0.016734299251784268,1.0,9999,0.01673429925178116
pl_g2.5_D5,pl,2.5,5,,10000,14,10000,13080,2.616,1,6147,0.6147,1.0,0.017826444318126633,0.9999,9999,0.01782645999644661
pl_g2.5_D5,pl,2.5,5,,10000,15,10000,13068,2.6136,1,6114,0.6114,1.0,0.018096784985337733,0.9999,9999,0.018096786004444088
pl_g2.5_D5,pl,2.5,5,,10000,16,10000,13125,2.625,2,6057,0.6057,1.0,0.02455272595214919,0.9997,9997,0.024552923224708145
pl_g2.5_D5,pl,2.5,5,,10000,18,10000,13079,2.6158,1,6127,0.6127,1.0,0.018527623985599817,0.9999,9999,0.018527660316108197
pl_g2.5_D5,pl,2.5,5,,10000,17,10000,13080,2.616,1,6087,0.6087,1.0,0.02334620641889784,0.9999,9999,0.023346294720271166
pl_g2.5_D5,pl,2.5,5,,10000,19,10000,13204,2.6408,1,6005,0.6005,1.0,0.022324003125687497,0.9998,9998,0.022324186745240615
pl_g2.5_D5,pl,2.5,5,,100000,2,99998,131088,2.621812436248725,0,60975,0.6097621952439048,0.999969999399988,0.012650899545499916,1.0,99998,0.0
pl_g2.5_D5,pl,2.5,5,,100000,4,100000,131072,2.62144,4,60980,0.6098,0.99998,0.012835123002400639,0.99996,99996,0.012835123203047027
pl_g2.5_D5,pl,2.5,5,,100000,0,100000,131252,2.62504,1,61043,0.61043,1.0,0.013355168808287576,0.99999,99999,0.01335516885404342
pl_g2.5_D5,pl,2.5,5,,100000,3,100000,131074,2.62148,0,61035,0.61035,1.0,0.014851216411839951,1.0,100000,0.014851216411864598
pl_g2.5_D4,pl,2.5,4,,100000,19,99999,123121,2.4624446244462446,0,65214,0.6521465214652147,1.0,0.010855089076937663,1.0,99999,0.010855089076940994
pl_g2.5_D5,pl,2.5,5,,100000,5,100000,131108,2.62216,2,60856,0.60856,0.99995,0.012783334749619568,0.99998,99998,0.0
pl_g2.5_D5,pl,2.5,5,,100000,1,100000,131185,2.6237,3,60857,0.60857,1.0,0.015577320064961153,0.99995,99995,0.015577322368787172
pl_g2.5_D5,pl,2.5,5,,100000,6,99999,131134,2.6227062270622707,0,60845,0.6084560845608457,1.0,0.014255146407014863,1.0,99999,0.01425514640700798
pl_g2.5_D5,pl,2.5,5,,100000,7,100000,131024,2.62048,1,61109,0.61109,1.0,0.01595677292058384,0.99996,99996,0.015956773838013527
pl_g2.5_D5,pl,2.5,5,,100000,9,100000,131416,2.62832,1,60510,0.6051,1.0,0.013629291587995418,0.99992,99992,0.013629293941979315
pl_g2.5_D5,pl,2.5,5,,100000,8,99999,131333,2.6266862668626687,1,60781,0.6078160781607816,1.0,0.012585176110913476,0.999989999899999,99998,0.012585176154766398
pl_g2.5_D5,pl,2.5,5,,100000,10,99999,130884,2.6177061770617707,0,61012,0.6101261012610126,1.0,0.014961905053282765,1.0,99999,0.01496190505328121
pl_g2.5_D5,pl,2.5,5,,100000,11,100000,130566,2.61132,2,61386,0.61386,1.0,0.010392414082547985,0.99997,99997,0.010392414178391762
pl_g2.5_D5,pl,2.5,5,,100000,12,100000,131019,2.62038,0,60914,0.60914,1.0,0.01549986078213883,1.0,100000,0.015499860782145491
pl_g2.5_D5,pl,2.5,5,,100000,14,100000,130925,2.6185,2,61117,0.61117,1.0,0.015425551475214405,0.99993,99993,0.015425553802591141
pl_g2.5_D5,pl,2.5,5,,100000,16,100000,131440,2.6288,0,60752,0.60752,1.0,0.014931214672420534,1.0,100000,0.014931214672412985
pl_g2.5_D8,pl,2.5,8,,1000,0,1000,1521,3.042,0,541,0.541,1.0,0.0444027449833703,1.0,1000,0.0444027449833703
pl_g2.5_D5,pl,2.5,5,,100000,15,100000,131378,2.62756,1,60643,0.60643,1.0,0.013870946236822723,0.99996,99996,0.013870946864945166
pl_g2.5_D8,pl,2.5,8,,1000,1,1000,1449,2.898,1,573,0.573,1.0,0.04630263049026066,0.999,999,0.04630266548341793
pl_g2.5_D8,pl,2.5,8,,1000,2,999,1506,3.015015015015015,1,562,0.5625625625625625,1.0,0.040734486963009624,0.998998998998999,998,0.04073610620549558
pl_g2.5_D8,pl,2.5,8,,1000,3,1000,1455,2.91,2,569,0.569,1.0,0.054409959181993275,0.998,998,0.05445874310136934
pl_g2.5_D8,pl,2.5,8,,1000,4,1000,1475,2.95,1,548,0.548,1.0,0.04896316540600592,0.998,998,0.04897680582652464
pl_g2.5_D8,pl,2.5,8,,1000,5,999,1492,2.986986986986987,0,556,0.5565565565565566,1.0,0.04294709529115727,1.0,999,0.04294709529115727
pl_g2.5_D8,pl,2.5,8,,1000,6,1000,1454,2.908,0,557,0.557,1.0,0.0425894192286436,1.0,1000,0.0425894192286436
pl_g2.5_D8,pl,2.5,8,,1000,7,999,1483,2.968968968968969,1,549,0.5495495495495496,1.0,0.03150626324712661,0.998998998998999,998,0.03150638505138696
pl_g2.5_D8,pl,2.5,8,,1000,8,1000,1483,2.966,0,558,0.558,1.0,0.0384208269424992,1.0,1000,0.0384208269424992
pl_g2.5_D8,pl,2.5,8,,1000,9,1000,1465,2.93,2,568,0.568,1.0,0.04488004617079635,0.998,998,0.044882996312738
pl_g2.5_D8,pl,2.5,8,,1000,10,999,1430,2.8628628628628627,1,566,0.5665665665665666,1.0,0.0260552318049373,0.998998998998999,998,0.0260554826427669
pl_g2.5_D8,pl,2.5,8,,1000,11,1000,1477,2.954,1,569,0.569,1.0,0.04406206727004235,0.999,999,0.04406213273658768
pl_g2.5_D8,pl,2.5,8,,1000,13,999,1435,2.8728728728728727,2,592,0.5925925925925926,1.0,0.04544038641564219,0.996996996996997,996,0.04544046739169019
pl_g2.5_D8,pl,2.5,8,,1000,12,1000,1474,2.948,1,574,0.574,1.0,0.04133895427453809,0.998,998,0.041341152629799684
pl_g2.5_D8,pl,2.5,8,,1000,14,1000,1498,2.996,1,559,0.559,1.0,0.04658144320784799,0.999,999,0.046582075619873015
pl_g2.5_D8,pl,2.5,8,,1000,15,1000,1481,2.962,0,554,0.554,1.0,0.04039343482834779,1.0,1000,0.04039343482834779
pl_g2.5_D8,pl,2.5,8,,1000,16,1000,1442,2.884,0,574,0.574,1.0,0.027712363944287215,1.0,1000,0.027712363944287215
pl_g2.5_D5,pl,2.5,5,,100000,13,100000,130975,2.6195,1,60858,0.60858,1.0,0.013658362902310817,0.99996,99996,0.013658363122433848
pl_g2.5_D8,pl,2.5,8,,1000,17,999,1460,2.9229229229229228,0,549,0.5495495495495496,1.0,0.04226461886784256,1.0,999,0.04226461886784256
pl_g2.5_D8,pl,2.5,8,,1000,18,1000,1468,2.936,1,537,0.537,1.0,0.0453170222364264,0.998,998,0.045320747040811966
pl_g2.5_D8,pl,2.5,8,,1000,19,1000,1487,2.974,1,556,0.556,1.0,0.05170233170928072,0.999,999,0.051710210166426455
pl_g2.5_D8,pl,2.5,8,,10000,0,10000,14661,2.9322,1,5617,0.5617,1.0,0.03449374391595805,0.9998,9998,0.034493762650218196
pl_g2.5_D8,pl,2.5,8,,10000,2,10000,14737,2.9474,0,5600,0.56,1.0,0.03345919424089594,1.0,10000,0.03345919424089616
pl_g2.5_D8,pl,2.5,8,,10000,1,9998,14855,2.971594318863773,0,5534,0.5535107021404281,1.0,0.03438399464359976,1.0,9998,0.03438399464359376
pl_g2.5_D5,pl,2.5,5,,100000,17,100000,130973,2.61946,1,61177,0.61177,1.0,0.01513133906833275,0.99995,99995,0.015131339985066328
pl_g2.5_D8,pl,2.5,8,,10000,3,10000,14746,2.9492,0,5613,0.5613,1.0,0.03283133261633964,1.0,10000,0.03283133261633897
pl_g2.5_D8,pl,2.5,8,,10000,4,10000,14665,2.933,2,5656,0.5656,1.0,0.02903865311282261,0.9996,9996,0.02903876155306806
pl_g2.5_D8,pl,2.5,8,,10000,5,10000,14646,2.9292,1,5668,0.5668,1.0,0.03338769881024395,0.9999,9999,0.033387723979239725
pl_g2.5_D5,pl,2.5,5,,100000,18,100000,130960,2.6192,0,61040,0.6104,1.0,0.011584051668284356,1.0,100000,0.011584051668299011
pl_g2.5_D8,pl,2.5,8,,10000,7,9999,14666,2.9334933493349333,1,5700,0.57005700570057,1.0,0.031791040859110664,0.9998999899989999,9998,0.03179105393071824
pl_g2.5_D8,pl,2.5,8,,10000,6,10000,14644,2.9288,2,5654,0.5654,1.0,0.024141541509463904,0.9995,9995,0.02414175839166277
pl_g2.5_D8,pl,2.5,8,,10000,9,10000,14713,2.9426,3,5635,0.5635,1.0,0.035539544498084386,0.9995,9995,0.03553970035989784
pl_g2.5_D8,pl,2.5,8,,10000,10,10000,14686,2.9372,0,5648,0.5648,1.0,0.027934538563166633,1.0,10000,0.02793453856315664
pl_g2.5_D8,pl,2.5,8,,10000,8,10000,14718,2.9436,1,5555,0.5555,1.0,0.04068619892935299,0.9998,9998,0.04068636429266115
pl_g2.5_D8,pl,2.5,8,,10000,11,10000,14727,2.9454,0,5603,0.5603,1.0,0.03813493683795488,1.0,10000,0.03813493683796798
pl_g2.5_D8,pl,2.5,8,,10000,13,10000,14814,2.9628,1,5596,0.5596,1.0,0.023131936862686997,0.9995,9995,0.0231319662504601
pl_g2.5_D8,pl,2.5,8,,10000,12,10000,14780,2.956,1,5566,0.5566,1.0,0.027823125199724075,0.9995,9995,0.02782335316492368
pl_g2.5_D8,pl,2.5,8,,10000,14,9999,14733,2.9468946894689467,3,5632,0.5632563256325632,1.0,0.027966325841929596,0.9995999599959996,9995,0.02796633261237713
pl_g2.5_D8,pl,2.5,8,,10000,15,10000,14669,2.9338,0,5678,0.5678,1.0,0.03400825443029598,1.0,10000,0.03400825443029665
pl_g2.5_D8,pl,2.5,8,,10000,16,10000,14775,2.955,3,5642,0.5642,0.9998,0.037824654401824365,0.9996,9996,0.03782467870416295
pl_g2.5_D8,pl,2.5,8,,10000,18,10000,14714,2.9428,0,5616,0.5616,1.0,0.03569507562670027,1.0,10000,0.03569507562669472
pl_g2.5_D8,pl,2.5,8,,10000,17,9999,14684,2.937093709370937,0,5645,0.5645564556455646,1.0,0.028584580019033412,1.0,9999,0.028584580019040295
pl_g2.5_D8,pl,2.5,8,,10000,19,10000,14621,2.9242,2,5674,0.5674,0.9998,0.03318693916923543,0.9998,9998,0.033186939169234764
pl_g2.5_D5,pl,2.5,5,,100000,19,100000,131202,2.62404,0,60957,0.60957,1.0,0.013592034269409803,1.0,100000,0.013592034269420017
pl_g2.5_D8,pl,2.5,8,,100000,1,100000,146967,2.93934,4,56233,0.56233,0.99998,0.01729504097346002,0.99996,99996,0.01729504106162638
pl_g2.5_D8,pl,2.5,8,,100000,4,100000,147187,2.94374,3,56213,0.56213,1.0,0.020958435127706565,0.99995,99995,0.020958435843399403
pl_g2.5_D8,pl,2.5,8,,100000,3,100000,147453,2.94906,1,56102,0.56102,1.0,0.02156784840269066,0.99999,99999,0.02156784848073734
pl_g2.5_D8,pl,2.5,8,,100000,0,100000,147373,2.94746,0,56050,0.5605,1.0,0.016043532534318672,1.0,100000,0.016043532534314453
pl_g2.5_D8,pl,2.5,8,,100000,2,100000,147061,2.94122,2,56141,0.56141,1.0,0.03014818399984387,0.99996,99996,0.03014818595892166
pl_g2.5_D8,pl,2.5,8,,100000,5,100000,147509,2.95018,2,56158,0.56158,1.0,0.02997607066375596,0.99998,99998,0.029976071016396988
pl_g2.5_D8,pl,2.5,8,,100000,8,100000,147219,2.94438,0,56132,0.56132,1.0,0.01976067638467005,1.0,100000,0.019760676384667608
pl_g2.5_D8,pl,2.5,8,,100000,9,100000,147469,2.94938,3,55994,0.55994,1.0,0.020218799965565415,0.99995,99995,0.020218800145704874
pl_g2.5_D8,pl,2.5,8,,100000,10,99999,146776,2.935549355493555,1,56529,0.5652956529565296,1.0,0.023879259663681207,0.999989999899999,99998,0.02387925976584926
pl_g2.5_D8,pl,2.5,8,,100000,7,100000,147323,2.94646,2,56180,0.5618,1.0,0.018770663360007767,0.99994,99994,0.018770663782432973
pl_g2.5_D8,pl,2.5,8,,100000,6,99999,147392,2.9478694786947868,1,56076,0.5607656076560765,1.0,0.028929549622218387,0.999989999899999,99998,0.028929549748967
pl_g2.5_D8,pl,2.5,8,,100000,11,100000,146861,2.93722,0,56431,0.56431,1.0,0.018788277402549403,1.0,100000,0.01878827740254496
pl_g2.5_D8,pl,2.5,8,,100000,12,100000,147188,2.94376,1,56146,0.56146,1.0,0.028355430301801432,0.99994,99994,0.028355445798784684
pl_g2.5_D8,pl,2.5,8,,100000,13,100000,147002,2.94004,1,56257,0.56257,1.0,0.02019209913994291,0.99999,99999,0.020192099200680103
pl_g2.5_D8,pl,2.5,8,,100000,14,100000,147011,2.94022,0,56333,0.56333,1.0,0.01906233280120384,1.0,100000,0.01906233280121694
pl_g2.5_D8,pl,2.5,8,,100000,15,100000,146876,2.93752,2,56433,0.56433,1.0,0.013279993922566069,0.99998,99998,0.0132799939714634
pl_g2.5_D15,pl,2.5,15,,1000,1,1000,1607,3.214,0,520,0.52,1.0,0.06762194162690591,1.0,1000,0.06762194162690591
pl_g2.5_D15,pl,2.5,15,,1000,0,1000,1624,3.248,1,563,0.563,1.0,0.06261344014069992,0.999,999,0.06261615868957868
pl_g2.5_D15,pl,2.5,15,,1000,3,1000,1609,3.218,1,567,0.567,1.0,0.0382812573849237,0.999,999,0.038281448645547854
pl_g2.5_D15,pl,2.5,15,,1000,2,1000,1648,3.296,1,535,0.535,1.0,0.06462796359170352,0.998,998,0.06463123940246274
pl_g2.5_D15,pl,2.5,15,,1000,4,1000,1662,3.324,1,537,0.537,1.0,0.0697701259664334,0.999,999,0.06977478609366645
pl_g2.5_D8,pl,2.5,8,,100000,16,100000,147231,2.94462,1,56299,0.56299,1.0,0.022379570440861585,0.99998,99998,0.022379570591619435
pl_g2.5_D15,pl,2.5,15,,1000,5,1000,1657,3.314,3,529,0.529,1.0,0.05899701569063477,0.997,997,0.059000938747971396
pl_g2.5_D15,pl,2.5,15,,1000,7,1000,1587,3.174,1,548,0.548,1.0,0.0579464507983018,0.998,998,0.057946823689620355
pl_g2.5_D15,pl,2.5,15,,1000,6,999,1673,3.349349349349349,1,546,0.5465465465465466,1.0,0.05507490690424121,0.998998998998999,998,0.05507497155673851
pl_g2.5_D15,pl,2.5,15,,1000,8,1000,1694,3.388,1,526,0.526,1.0,0.042903925765796325,0.999,999,0.04290429645574228
pl_g2.5_D15,pl,2.5,15,,1000,9,999,1727,3.4574574574574575,3,510,0.5105105105105106,1.0,0.0773149768578515,0.994994994994995,994,0.07791464754522487
pl_g2.5_D15,pl,2.5,15,,1000,12,1000,1633,3.266,1,557,0.557,1.0,0.0656469873914886,0.999,999,0.06564735902136715
pl_g2.5_D15,pl,2.5,15,,1000,10,1000,1712,3.424,0,524,0.524,1.0,0.07183065869589193,1.0,1000,0.07183065869589193
pl_g2.5_D15,pl,2.5,15,,1000,11,1000,1709,3.418,0,520,0.52,1.0,0.05121314488423501,1.0,1000,0.05121314488423501
pl_g2.5_D8,pl,2.5,8,,100000,17,100000,147288,2.94576,2,56122,0.56122,1.0,0.022754373817962525,0.99997,99997,0.022754374018037593
pl_g2.5_D15,pl,2.5,15,,1000,14,1000,1657,3.314,0,542,0.542,1.0,0.06446260524086364,1.0,1000,0.06446260524086364
pl_g2.5_D15,pl,2.5,15,,1000,13,999,1682,3.3673673673673674,0,515,0.5155155155155156,1.0,0.07362680107673057,1.0,999,0.07362680107673057
pl_g2.5_D15,pl,2.5,15,,1000,15,1000,1693,3.386,1,535,0.535,1.0,0.07172314694053245,0.999,999,0.0717231578665931
pl_g2.5_D15,pl,2.5,15,,1000,17,1000,1693,3.386,1,510,0.51,1.0,0.07839747031798681,0.999,999,0.07839830878627509
pl_g2.5_D15,pl,2.5,15,,1000,16,998,1674,3.3547094188376754,3,536,0.5370741482965932,1.0,0.06943066838136282,0.996993987975952,995,0.06943160819688408
pl_g2.5_D15,pl,2.5,15,,1000,18,999,1633,3.269269269269269,1,540,0.5405405405405406,1.0,0.05890602793935787,0.998998998998999,998,0.058907641988130276
pl_g2.5_D15,pl,2.5,15,,1000,19,999,1644,3.2912912912912913,0,561,0.5615615615615616,1.0,0.07755383842134829,1.0,999,0.07755383842134829
pl_g2.5_D15,pl,2.5,15,,10000,1,10000,16693,3.3386,1,5335,0.5335,1.0,0.04314318410702511,0.9999,9999,0.04314318592291477
pl_g2.5_D15,pl,2.5,15,,10000,2,9999,16495,3.2993299329932992,1,5389,0.538953895389539,1.0,0.023502476207253764,0.9998999899989999,9998,0.023502476877514056
pl_g2.5_D15,pl,2.5,15,,10000,0,9999,16513,3.302930293029303,0,5427,0.5427542754275427,1.0,0.040190809609772726,1.0,9999,0.04019080960978294
pl_g2.5_D15,pl,2.5,15,,10000,3,10000,16543,3.3086,0,5409,0.5409,1.0,0.04239787764860781,1.0,10000,0.042397877648612914
pl_g2.5_D15,pl,2.5,15,,10000,4,9999,16834,3.3671367136713672,2,5309,0.5309530953095309,1.0,0.037708113161534884,0.9996999699969997,9996,0.03770811945669306
pl_g2.5_D15,pl,2.5,15,,10000,5,10000,16636,3.3272,0,5391,0.5391,1.0,0.03821669563211327,1.0,10000,0.03821669563211216
pl_g2.5_D15,pl,2.5,15,,10000,6,10000,16653,3.3306,0,5334,0.5334,1.0,0.042262597208174935,1.0,10000,0.04226259720817116
pl_g2.5_D15,pl,2.5,15,,10000,7,10000,16651,3.3302,0,5356,0.5356,1.0,0.04122982548928267,1.0,10000,0.04122982548928067
pl_g2.5_D15,pl,2.5,15,,10000,8,10000,16780,3.356,1,5403,0.5403,1.0,0.038202660766720076,0.9999,9999,0.03820268006928229
pl_g2.5_D15,pl,2.5,15,,10000,9,9999,16878,3.375937593759376,2,5378,0.5378537853785379,1.0,0.04221273477988685,0.9997999799979999,9997,0.04221274174589995
pl_g2.5_D15,pl,2.5,15,,10000,10,10000,16876,3.3752,0,5299,0.5299,1.0,0.04759671172150748,1.0,10000,0.04759671172150748
pl_g2.5_D15,pl,2.5,15,,10000,11,10000,16655,3.331,1,5297,0.5297,1.0,0.050295982011857365,0.9999,9999,0.050296011181041766
pl_g2.5_D15,pl,2.5,15,,10000,13,10000,16671,3.3342,2,5343,0.5343,0.9997,0.039353414214179816,0.9994,9994,0.0
pl_g2.5_D15,pl,2.5,15,,10000,12,10000,16717,3.3434,1,5389,0.5389,1.0,0.04570805116063403,0.9999,9999,0.04570806564221552
pl_g2.5_D15,pl,2.5,15,,10000,14,10000,16685,3.337,1,5379,0.5379,1.0,0.040904174865659115,0.9999,9999,0.04090418418634156
pl_g2.5_D8,pl,2.5,8,,100000,19,100000,147366,2.94732,0,56256,0.56256,1.0,0.01830690362255849,1.0,100000,0.018306903622551385
pl_g2.5_D8,pl,2.5,8,,100000,18,100000,147000,2.94,0,56526,0.56526,1.0,0.02203127446201858,1.0,100000,0.022031274462024353
pl_g2.5_D15,pl,2.5,15,,10000,15,10000,16795,3.359,1,5351,0.5351,1.0,0.046913767709863,0.9999,9999,0.04691378770937771
pl_g2.5_D15,pl,2.5,15,,10000,17,10000,16601,3.3202,0,5397,0.5397,1.0,0.03023967751147305,1.0,10000,0.030239677511467722
pl_g2.5_D15,pl,2.5,15,,10000,16,10000,16674,3.3348,1,5374,0.5374,1.0,0.051144842951002856,0.9999,9999,0.05114487342421392
pl_g2.5_D15,pl,2.5,15,,10000,18,10000,16645,3.329,0,5310,0.531,1.0,0.052425623440554014,1.0,10000,0.052425623440546465
pl_g2.5_D15,pl,2.5,15,,10000,19,10000,16841,3.3682,0,5241,0.5241,1.0,0.04051352867823388,1.0,10000,0.04051352867823188
pl_g2.5_D15,pl,2.5,15,,100000,2,100000,167587,3.35174,1,53046,0.53046,1.0,0.03379082678219891,0.99999,99999,0.03379082684697554
pl_g2.5_D15,pl,2.5,15,,100000,0,100000,167307,3.34614,1,53171,0.53171,1.0,0.036392302931292475,0.99999,99999,0.03639230299479612
pl_g2.5_D15,pl,2.5,15,,100000,4,100000,166913,3.33826,1,53656,0.53656,1.0,0.030406072858989663,0.99999,99999,0.03040607289174546
pl_g2.5_D15,pl,2.5,15,,100000,5,100000,166703,3.33406,2,53540,0.5354,1.0,0.034076597878725634,0.99998,99998,0.03407659805378738
pl_g2.5_D15,pl,2.5,15,,100000,1,100000,167701,3.35402,2,53398,0.53398,1.0,0.034473855133947184,0.99998,99998,0.03447385518398205
pl_g2.5_D15,pl,2.5,15,,100000,3,100000,166511,3.33022,0,53654,0.53654,1.0,0.032646259921795595,1.0,100000,0.03264625992178827
pl_g2.5_D15,pl,2.5,15,,100000,7,100000,166470,3.3294,0,53524,0.53524,1.0,0.02810326579762701,1.0,100000,0.028103265797617016
pl_g2.5_D15,pl,2.5,15,,100000,8,100000,166933,3.33866,1,53357,0.53357,1.0,0.036202360990138294,0.99999,99999,0.03620236106975128
pl_g2.5_D15,pl,2.5,15,,100000,10,100000,167509,3.35018,0,53493,0.53493,1.0,0.0330957859388874,1.0,100000,0.033095785938886735
pl_g2.5_D15,pl,2.5,15,,100000,6,100000,167154,3.34308,0,53360,0.5336,1.0,0.03571660714047287,1.0,100000,0.03571660714047509
pl_g2.5_D15,pl,2.5,15,,100000,9,100000,166387,3.32774,0,53649,0.53649,1.0,0.033321761895850344,1.0,100000,0.033321761895863666
pl_g2.5_D15,pl,2.5,15,,100000,11,100000,166956,3.33912,0,53493,0.53493,1.0,0.03357335577431897,1.0,100000,0.03357335577431564
pl_g2.5_D15,pl,2.5,15,,100000,12,100000,167436,3.34872,0,53368,0.53368,1.0,0.039674279053163675,1.0,100000,0.03967427905316678
pl_g2.5_D15,pl,2.5,15,,100000,14,99998,167277,3.345606912138243,1,53384,0.5338506770135403,1.0,0.032805058920679864,0.999989999799996,99997,0.0328050589754576
pl_g2.5_D15,pl,2.5,15,,100000,15,100000,166857,3.33714,0,53508,0.53508,1.0,0.028922932411753033,1.0,100000,0.028922932411737712
pl_g2.5_D15,pl,2.5,15,,100000,13,100000,167255,3.3451,0,53634,0.53634,1.0,0.03588284096706862,1.0,100000,0.03588284096705774
pl_g2.5_D50,pl,2.5,50,,1000,1,999,1887,3.7777777777777777,1,520,0.5205205205205206,1.0,0.052818234506790566,0.998998998998999,998,0.052818548168917984
pl_g2.5_D50,pl,2.5,50,,1000,0,1000,1979,3.958,1,541,0.541,1.0,0.06705706651503766,0.999,999,0.06705749855609629
pl_g2.5_D50,pl,2.5,50,,1000,2,1000,1971,3.942,1,485,0.485,1.0,0.09143956998628021,0.999,999,0.09144030002094897
pl_g2.5_D50,pl,2.5,50,,1000,3,1000,1904,3.808,1,498,0.498,1.0,0.07532398698219746,0.999,999,0.07533763529728515
pl_g2.5_D50,pl,2.5,50,,1000,4,1000,1853,3.706,4,532,0.532,0.998,0.08115672682567099,0.996,996,0.08115696431523103
pl_g2.5_D50,pl,2.5,50,,1000,5,999,1864,3.7317317317317316,0,533,0.5335335335335335,1.0,0.09339096063670456,1.0,999,0.09339096063670456
pl_g2.5_D50,pl,2.5,50,,1000,6,1000,1811,3.622,1,534,0.534,1.0,0.0886753483760307,0.999,999,0.08868972466491391
pl_g2.5_D50,pl,2.5,50,,1000,7,1000,1869,3.738,1,546,0.546,1.0,0.06743810896152548,0.999,999,0.06743818210610499
pl_g2.5_D50,pl,2.5,50,,1000,9,1000,1933,3.866,4,509,0.509,1.0,0.09048333619957229,0.995,995,0.09048626782006311
pl_g2.5_D50,pl,2.5,50,,1000,8,1000,2146,4.292,0,485,0.485,1.0,0.11103452645627854,1.0,1000,0.11103452645627854
pl_g2.5_D15,pl,2.5,15,,100000,17,100000,166910,3.3382,0,53644,0.53644,1.0,0.03459358887473929,1.0,100000,0.03459358887475439
pl_g2.5_D50,pl,2.5,50,,1000,12,1000,2031,4.062,3,490,0.49,0.998,0.11963572438870855,0.997,997,0.11963672240983941
pl_g2.5_D15,pl,2.5,15,,100000,16,100000,167214,3.34428,1,53632,0.53632,1.0,0.032060177557744485,0.99999,99999,0.03206017760220736
pl_g2.5_D50,pl,2.5,50,,1000,10,1000,1972,3.944,1,515,0.515,1.0,0.09670538726781117,0.999,999,0.09670755756674047
pl_g2.5_D50,pl,2.5,50,,1000,11,999,2016,4.036036036036036,0,514,0.5145145145145145,1.0,0.11306608133341382,1.0,999,0.11306608133341382
pl_g2.5_D50,pl,2.5,50,,1000,15,1000,1804,3.608,0,541,0.541,1.0,0.058332321943951375,1.0,1000,0.058332321943951375
pl_g2.5_D50,pl,2.5,50,,1000,13,999,1931,3.865865865865866,1,504,0.5045045045045045,1.0,0.07522493054370831,0.998998998998999,998,0.0752250463470842
pl_g2.5_D50,pl,2.5,50,,1000,14,1000,1989,3.978,1,511,0.511,1.0,0.11163015909021952,0.999,999,0.11163027973221534
pl_g2.5_D50,pl,2.5,50,,1000,16,1000,1946,3.892,0,502,0.502,1.0,0.06885389276781469,1.0,1000,0.06885389276781469
pl_g2.5_D50,pl,2.5,50,,1000,19,1000,1846,3.692,1,541,0.541,1.0,0.056374453248701314,0.999,999,0.05637491540264371
pl_g2.5_D50,pl,2.5,50,,1000,18,1000,1999,3.998,2,511,0.511,1.0,0.09953977743584293,0.998,998,0.09954025011923258
pl_g2.5_D50,pl,2.5,50,,1000,17,1000,1909,3.818,0,529,0.529,1.0,0.07700679090381951,1.0,1000,0.07700679090381951
pl_g2.5_D50,pl,2.5,50,,10000,0,10000,19421,3.8842,4,5306,0.5306,1.0,0.05063440582420875,0.9994,9994,0.05063444406817119
pl_g2.5_D50,pl,2.5,50,,10000,1,10000,19620,3.924,1,5238,0.5238,1.0,0.050939487405411654,0.9999,9999,0.05093948868974918
pl_g2.5_D50,pl,2.5,50,,10000,2,10000,19725,3.945,0,5161,0.5161,1.0,0.029059737229941707,1.0,10000,0.02905973722993105
pl_g2.5_D50,pl,2.5,50,,10000,3,10000,19709,3.9418,3,5254,0.5254,1.0,0.05736045121539002,0.9997,9997,0.057360463257760896
pl_g2.5_D50,pl,2.5,50,,10000,4,10000,19483,3.8966,0,5208,0.5208,1.0,0.06337724996335536,1.0,10000,0.06337724996335625
pl_g2.5_D50,pl,2.5,50,,10000,5,10000,19828,3.9656,2,5182,0.5182,1.0,0.05655462467847516,0.9998,9998,0.056554634247379054
pl_g2.5_D50,pl,2.5,50,,10000,6,10000,19166,3.8332,2,5322,0.5322,1.0,0.04324797135861669,0.9997,9997,0.04324798975407007
pl_g2.5_D50,pl,2.5,50,,10000,7,10000,19483,3.8966,5,5290,0.529,1.0,0.043309226225667574,0.9995,9995,0.0433093844519179
pl_g2.5_D50,pl,2.5,50,,10000,8,10000,19521,3.9042,2,5226,0.5226,1.0,0.03802859289294114,0.9998,9998,0.03802859618807464
pl_g2.5_D50,pl,2.5,50,,10000,10,9999,19141,3.8285828582858286,3,5226,0.5226522652265226,0.9996999699969997,0.0747638791874563,0.9996999699969997,9996,0.0
pl_g2.5_D50,pl,2.5,50,,10000,9,9999,19957,3.991799179917992,0,5130,0.513051305130513,1.0,0.043705293693997005,1.0,9999,0.04370529369398879
pl_g2.5_D50,pl,2.5,50,,10000,11,10000,19711,3.9422,1,5150,0.515,1.0,0.07302014781622512,0.9999,9999,0.07302015299846198
pl_g2.5_D50,pl,2.5,50,,10000,12,10000,19326,3.8652,1,5253,0.5253,1.0,0.04855641158967239,0.9999,9999,0.04855641178017822
pl_g2.5_D50,pl,2.5,50,,10000,13,10000,19337,3.8674,1,5272,0.5272,1.0,0.054206184763931686,0.9999,9999,0.054206190450408975
pl_g2.5_D50,pl,2.5,50,,10000,14,10000,19592,3.9184,0,5281,0.5281,1.0,0.0561204322928297,1.0,10000,0.056120432292828815
pl_g2.5_D15,pl,2.5,15,,100000,18,100000,167004,3.34008,0,53299,0.53299,1.0,0.024514016431091523,1.0,100000,0.024514016431098185
pl_g2.5_D50,pl,2.5,50,,10000,15,10000,19332,3.8664,1,5188,0.5188,1.0,0.054784602723075615,0.9999,9999,0.054784605816636356
pl_g2.5_D50,pl,2.5,50,,10000,16,9999,19761,3.952595259525953,1,5174,0.5174517451745174,1.0,0.05085201773833825,0.9998999899989999,9998,0.05085201987679566
pl_g2.5_D15,pl,2.5,15,,100000,19,99999,166852,3.3370733707337075,0,53165,0.5316553165531656,1.0,0.033190093920012265,1.0,99999,0.03319009392000649
pl_g2.5_D50,pl,2.5,50,,10000,17,9999,19271,3.8545854585458548,0,5219,0.521952195219522,1.0,0.060995809356165775,1.0,9999,0.06099580935617066
pl_g2.5_D50,pl,2.5,50,,10000,18,10000,19626,3.9252,5,5310,0.531,1.0,0.06096551009157314,0.9992,9992,0.06096558767968574
pl_g2.5_D50,pl,2.5,50,,10000,19,10000,19514,3.9028,0,5202,0.5202,1.0,0.05228027397176005,1.0,10000,0.0522802739717696
pl_g2.5_D50,pl,2.5,50,,100000,4,100000,194904,3.89808,1,52274,0.52274,1.0,0.029143080098791962,0.99999,99999,0.029143080113437803
pl_g2.5_D50,pl,2.5,50,,100000,1,100000,196150,3.923,1,52022,0.52022,1.0,0.04408330233367419,0.99999,99999,0.04408330235124658
pl_g2.5_D50,pl,2.5,50,,100000,2,100000,195801,3.91602,3,52042,0.52042,1.0,0.046519661015057334,0.99997,99997,0.04651966107926908
pl_g2.5_D50,pl,2.5,50,,100000,3,100000,194727,3.89454,1,51873,0.51873,1.0,0.04294511942936752,0.99999,99999,0.04294511944471746
pl_g2.5_D50,pl,2.5,50,,100000,5,100000,194890,3.8978,2,52120,0.5212,1.0,0.03902672063010049,0.99998,99998,0.039026720671274884
pl_g2.5_D50,pl,2.5,50,,100000,0,100000,196665,3.9333,4,51842,0.51842,1.0,0.03997254483563584,0.99993,99993,0.039972544967166845
pl_g2.5_D50,pl,2.5,50,,100000,10,100000,196355,3.9271,0,52051,0.52051,1.0,0.030879003074584244,1.0,100000,0.03087900307458935
pl_g2.5_D50,pl,2.5,50,,100000,11,100000,195260,3.9052,5,51934,0.51934,0.99998,0.03913481409311981,0.99995,99995,0.039134814151422725
pl_g2.5_D50,pl,2.5,50,,100000,6,100000,195692,3.91384,0,52207,0.52207,1.0,0.038840144213690975,1.0,100000,0.03884014421368809
pl_g2.5_D50,pl,2.5,50,,100000,9,99999,195564,3.911319113191132,0,51900,0.5190051900519005,1.0,0.04034152906607491,1.0,99999,0.04034152906607291
pl_g2.5_D50,pl,2.5,50,,100000,7,100000,195877,3.91754,2,51896,0.51896,1.0,0.04734472011703561,0.99998,99998,0.047344720215255265
pl_g2.5_D50,pl,2.5,50,,100000,8,100000,195714,3.91428,0,52108,0.52108,1.0,0.04200325544963346,1.0,100000,0.042003255449628796
pl_g2.5_D50,pl,2.5,50,,100000,12,100000,195006,3.90012,0,52355,0.52355,1.0,0.04520998526383302,1.0,100000,0.04520998526383169
pl_g2.5_D50,pl,2.5,50,,100000,13,100000,194873,3.89746,3,51966,0.51966,1.0,0.0289200412733448,0.99997,99997,0.028920041299893784
pl_g2.5_D50,pl,2.5,50,,100000,15,100000,196214,3.92428,1,52152,0.52152,1.0,0.02684064524851859,0.99999,99999,0.026840645265078678
pl_g2.5_D50,pl,2.5,50,,100000,14,100000,194779,3.89558,0,52223,0.52223,1.0,0.03377386476980959,1.0,100000,0.03377386476980537
two23_p0.4,two23,,,0.4,1000,0,1000,1308,2.616,2,380,0.38,1.0,0.029104620423134633,0.995,995,0.029445942440453572
pl_g2.5_D50,pl,2.5,50,,100000,16,100000,195632,3.91264,1,52000,0.52,1.0,0.040171785475248356,0.99999,99999,0.04017178549436995
two23_p0.4,two23,,,0.4,1000,1,1000,1295,2.59,0,410,0.41,1.0,0.027490926098343756,1.0,1000,0.027490926098343756
two23_p0.4,two23,,,0.4,1000,2,1000,1305,2.61,1,389,0.389,1.0,0.024343214213984072,0.998,998,0.024345450041832695
two23_p0.4,two23,,,0.4,1000,3,1000,1291,2.582,3,413,0.413,1.0,0.02267828382997334,0.992,992,0.027636183248927148
two23_p0.4,two23,,,0.4,1000,4,1000,1286,2.572,1,426,0.426,1.0,0.02609506116274982,0.998,998,0.026095094186920475
two23_p0.4,two23,,,0.4,1000,6,1000,1313,2.626,0,374,0.374,1.0,0.03013829522028867,1.0,1000,0.03013829522028867
two23_p0.4,two23,,,0.4,1000,5,999,1310,2.6226226226226226,1,376,0.3763763763763764,1.0,0.02878434467389841,0.998998998998999,998,0.028789360255114214
two23_p0.4,two23,,,0.4,1000,7,1000,1303,2.606,0,395,0.395,1.0,0.0302842996840894,1.0,1000,0.0302842996840894
two23_p0.4,two23,,,0.4,1000,9,1000,1297,2.594,0,406,0.406,1.0,0.021860911465011096,1.0,1000,0.021860911465011096
two23_p0.4,two23,,,0.4,1000,8,1000,1288,2.576,1,422,0.422,1.0,0.026136196577885837,0.999,999,0.026138938246799956
two23_p0.4,two23,,,0.4,1000,10,999,1295,2.5925925925925926,1,405,0.40540540540540543,1.0,0.026675342278164354,0.998998998998999,998,0.026695713157027557
two23_p0.4,two23,,,0.4,1000,12,1000,1308,2.616,3,378,0.378,1.0,0.029137096581666737,0.995,995,0.029513029552868626
two23_p0.4,two23,,,0.4,1000,11,1000,1299,2.598,3,396,0.396,1.0,0.027484407233104254,0.995,995,0.0275861963890033
two23_p0.4,two23,,,0.4,1000,13,1000,1292,2.584,3,410,0.41,1.0,0.02301354135363922,0.992,992,0.027720496929841184
two23_p0.4,two23,,,0.4,1000,14,1000,1306,2.612,1,387,0.387,1.0,0.029680636895802002,0.997,997,0.02991813649556215
two23_p0.4,two23,,,0.4,1000,15,1000,1298,2.596,2,400,0.4,1.0,0.028544355162797342,0.996,996,0.028815714798735844
two23_p0.4,two23,,,0.4,1000,16,1000,1308,2.616,2,380,0.38,1.0,0.027904264984503206,0.996,996,0.027951732668101803
two23_p0.4,two23,,,0.4,1000,18,1000,1294,2.588,4,404,0.404,1.0,0.02607107387237496,0.992,992,0.026130898190087067
two23_p0.4,two23,,,0.4,1000,17,1000,1295,2.59,2,406,0.406,1.0,0.026744883225209976,0.998,998,0.02675465124202016
two23_p0.4,two23,,,0.4,1000,19,1000,1306,2.612,0,389,0.389,1.0,0.027698285417182736,1.0,1000,0.027698285417182736
pl_g2.5_D50,pl,2.5,50,,100000,17,100000,195555,3.9111,1,52243,0.52243,1.0,0.05783594802695102,0.99999,99999,0.05783594806611658
two23_p0.4,two23,,,0.4,10000,1,10000,12979,2.5958,4,4034,0.4034,0.9998,0.02621001707682913,0.9995,9995,0.026210962504568336
two23_p0.4,two23,,,0.4,10000,0,10000,12970,2.594,0,4060,0.406,1.0,0.024197793802015033,1.0,10000,0.02419779380201703
two23_p0.4,two23,,,0.4,10000,3,9999,13000,2.6002600260026,0,3997,0.39973997399739974,1.0,0.024586249666081805,1.0,9999,0.024586249666085358
two23_p0.4,two23,,,0.4,10000,2,10000,12991,2.5982,2,4015,0.4015,1.0,0.02448041518136601,0.9998,9998,0.024482343282363317
two23_p0.4,two23,,,0.4,10000,5,10000,12954,2.5908,0,4093,0.4093,1.0,0.02588568016203463,1.0,10000,0.025885680162057723
two23_p0.4,two23,,,0.4,10000,4,10000,13001,2.6002,0,3998,0.3998,1.0,0.02662999928177201,1.0,10000,0.026629999281770456
two23_p0.4,two23,,,0.4,10000,7,10000,13029,2.6058,1,3940,0.394,1.0,0.021433522978784536,0.9998,9998,0.021433753211323348
two23_p0.4,two23,,,0.4,10000,6,10000,13025,2.605,2,3947,0.3947,1.0,0.02443895770625204,0.9996,9996,0.02724466841411366
two23_p0.4,two23,,,0.4,10000,8,10000,13016,2.6032,2,3964,0.3964,1.0,0.025484848215956646,0.9997,9997,0.02548534078419995
two23_p0.4,two23,,,0.4,10000,10,10000,13012,2.6024,0,3977,0.3977,0.9996,0.025228830036544858,1.0,10000,0.0
two23_p0.4,two23,,,0.4,10000,9,10000,13029,2.6058,2,3939,0.3939,1.0,0.024168533543143633,0.9995,9995,0.024171098088229703
two23_p0.4,two23,,,0.4,10000,11,9999,13018,2.603860386038604,1,3959,0.39593959395939593,1.0,0.025536919582699102,0.9997999799979999,9997,0.025537264230990786
two23_p0.4,two23,,,0.4,10000,12,10000,13005,2.601,0,3990,0.399,1.0,0.024645359373903997,1.0,10000,0.024645359373915987
two23_p0.4,two23,,,0.4,10000,13,10000,13009,2.6018,1,3980,0.398,1.0,0.02625854565727548,0.9999,9999,0.02626047742340698
two23_p0.4,two23,,,0.4,10000,14,10000,13042,2.6084,0,3917,0.3917,1.0,0.026990082498365098,1.0,10000,0.02699008249836421
two23_p0.4,two23,,,0.4,10000,15,9999,12993,2.598859885988599,1,4009,0.40094009400940095,1.0,0.027034578180199276,0.9997999799979999,9997,0.027037665083118112
two23_p0.4,two23,,,0.4,10000,16,10000,13011,2.6022,2,3974,0.3974,1.0,0.02773594168440896,0.9996,9996,0.02773639908896075
pl_g2.5_D50,pl,2.5,50,,100000,18,100000,196762,3.93524,2,51793,0.51793,1.0,0.04012816817622533,0.99998,99998,0.040128168213967585
two23_p0.4,two23,,,0.4,10000,17,10000,12983,2.5966,2,4030,0.403,1.0,0.026983812129931728,0.9997,9997,0.026996526125753206
two23_p0.4,two23,,,0.4,10000,18,10000,13018,2.6036,2,3960,0.396,1.0,0.02665875367238546,0.9998,9998,0.026658805195858504
pl_g2.5_D50,pl,2.5,50,,100000,19,100000,195818,3.91636,2,51943,0.51943,1.0,0.04289493151595858,0.99998,99998,0.04289493156119595
two23_p0.4,two23,,,0.4,10000,19,10000,13004,2.6008,0,3993,0.3993,1.0,0.026112406612951222,1.0,10000,0.026112406612923023
two23_p0.4,two23,,,0.4,100000,0,100000,129859,2.59718,1,40280,0.4028,1.0,0.01943261666725382,0.99999,99999,0.01943261793061657
two23_p0.4,two23,,,0.4,100000,3,100000,130016,2.60032,0,39969,0.39969,1.0,0.02089016862829096,1.0,100000,0.020890168628277417
two23_p0.4,two23,,,0.4,100000,4,100000,129903,2.59806,1,40192,0.40192,1.0,0.022148995031934238,0.99999,99999,0.022149009464319303
two23_p0.4,two23,,,0.4,100000,1,100000,129954,2.59908,1,40090,0.4009,1.0,0.021194334522579128,0.99999,99999,0.021194335308603263
two23_p0.4,two23,,,0.4,100000,5,100000,129957,2.59914,0,40086,0.40086,1.0,0.02445597728369342,1.0,100000,0.024455977283694752
two23_p0.4,two23,,,0.4,100000,2,100000,130010,2.6002,0,39980,0.3998,1.0,0.025167145075434716,1.0,100000,0.025167145075431163
two23_p0.4,two23,,,0.4,100000,9,100000,129894,2.59788,3,40206,0.40206,1.0,0.021427200927584877,0.99994,99994,0.0214284123476296
two23_p0.4,two23,,,0.4,100000,6,100000,130056,2.60112,0,39889,0.39889,1.0,0.02493687858331195,1.0,100000,0.024936878583328825
two23_p0.4,two23,,,0.4,100000,8,100000,130142,2.60284,0,39716,0.39716,1.0,0.02363606321434175,1.0,100000,0.02363606321434375
two23_p0.4,two23,,,0.4,100000,10,100000,130130,2.6026,1,39738,0.39738,1.0,0.021863835106179286,0.99999,99999,0.021863836089999644
two23_p0.4,two23,,,0.4,100000,7,100000,130034,2.60068,1,39931,0.39931,1.0,0.022225003093146123,0.99999,99999,0.02222500589436338
two23_p0.4,two23,,,0.4,100000,12,100000,130062,2.60124,3,39870,0.3987,1.0,0.02197597984642119,0.99995,99995,0.02197601411432437
two23_p0.4,two23,,,0.4,100000,13,100000,129930,2.5986,2,40136,0.40136,1.0,0.01945860325283366,0.99997,99997,0.019458608749594708
two23_p0.4,two23,,,0.4,100000,14,100000,129924,2.59848,2,40149,0.40149,1.0,0.018597200555690474,0.99997,99997,0.018597201335764035
two23_p0.4,two23,,,0.4,100000,11,100000,129999,2.59998,0,40002,0.40002,1.0,0.02405142450443498,1.0,100000,0.024051424504416996
two23_p0.6,two23,,,0.6,1000,0,1000,1217,2.434,0,566,0.566,1.0,0.0097648133416209,1.0,1000,0.0097648133416209
two23_p0.6,two23,,,0.6,1000,1,1000,1199,2.398,1,600,0.6,1.0,0.016430119491789175,0.998,998,0.01645675578374853
two23_p0.6,two23,,,0.6,1000,2,1000,1204,2.408,2,588,0.588,0.998,0.01477168147054068,0.998,998,0.01477168147054068
two23_p0.6,two23,,,0.6,1000,3,1000,1193,2.386,0,614,0.614,1.0,0.014258716999465666,1.0,1000,0.014258716999465666
two23_p0.4,two23,,,0.4,100000,16,100000,130082,2.60164,0,39836,0.39836,1.0,0.022257673624670904,1.0,100000,0.02225767362467046
two23_p0.4,two23,,,0.4,100000,17,100000,130061,2.60122,1,39877,0.39877,1.0,0.02121181534851657,0.99999,99999,0.02121181643145653
two23_p0.6,two23,,,0.6,1000,4,1000,1194,2.388,1,610,0.61,1.0,0.013914946077987671,0.997,997,0.013927616878050624
two23_p0.6,two23,,,0.6,1000,5,1000,1191,2.382,0,618,0.618,1.0,0.01493458722780951,1.0,1000,0.01493458722780951
two23_p0.6,two23,,,0.6,1000,7,1000,1196,2.392,2,604,0.604,1.0,0.014406101254645138,0.997,997,0.014415114463629437
two23_p0.6,two23,,,0.6,1000,6,1000,1195,2.39,1,608,0.608,1.0,0.014532114323133343,0.998,998,0.014615124099372961
two23_p0.6,two23,,,0.6,1000,10,999,1214,2.4304304304304303,0,569,0.5695695695695696,0.996996996996997,0.01812054020143214,1.0,999,0.0
two23_p0.6,two23,,,0.6,1000,8,1000,1212,2.424,0,576,0.576,1.0,0.013864329721334294,1.0,1000,0.013864329721334294
two23_p0.6,two23,,,0.6,1000,9,999,1212,2.4264264264264264,0,573,0.5735735735735735,1.0,0.016294259877611125,1.0,999,0.016294259877611125
two23_p0.6,two23,,,0.6,1000,11,1000,1190,2.38,1,618,0.618,1.0,0.014086397757483748,0.997,997,0.014091847306015906
two23_p0.6,two23,,,0.6,1000,12,1000,1186,2.372,1,626,0.626,1.0,0.013635951857661728,0.997,997,0.013637729652255931
two23_p0.6,two23,,,0.6,1000,13,999,1195,2.3923923923923924,0,608,0.6086086086086087,1.0,0.013099607436034312,1.0,999,0.013099607436034312
two23_p0.6,two23,,,0.6,1000,14,999,1196,2.3943943943943946,0,605,0.6056056056056056,1.0,0.014143979285067816,1.0,999,0.014143979285067816
two23_p0.6,two23,,,0.6,1000,15,1000,1177,2.354,1,644,0.644,1.0,0.010845762205267716,0.995,995,0.010860366000733767
two23_p0.6,two23,,,0.6,1000,17,999,1192,2.3863863863863863,0,613,0.6136136136136137,1.0,0.015185109473599545,1.0,999,0.015185109473599545
two23_p0.6,two23,,,0.6,1000,16,998,1197,2.3987975951903806,0,600,0.6012024048096193,1.0,0.012123176545586934,1.0,998,0.012123176545586934
two23_p0.6,two23,,,0.6,1000,18,999,1198,2.3983983983983985,1,599,0.5995995995995996,1.0,0.01494048304938991,0.997997997997998,997,0.01494268637165931
two23_p0.6,two23,,,0.6,1000,19,1000,1198,2.396,0,604,0.604,1.0,0.015775977780670865,1.0,1000,0.015775977780670865
two23_p0.6,two23,,,0.6,10000,1,9999,11991,2.3984398439843986,0,6015,0.6015601560156015,1.0,0.011636373676577882,1.0,9999,0.011636373676553013
two23_p0.6,two23,,,0.6,10000,0,10000,12028,2.4056,0,5944,0.5944,1.0,0.01376641377900878,1.0,10000,0.01376641377900878
two23_p0.6,two23,,,0.6,10000,4,10000,12008,2.4016,1,5982,0.5982,0.9997,0.012891048677001082,0.9999,9999,0.0
two23_p0.6,two23,,,0.6,10000,2,10000,12007,2.4014,0,5986,0.5986,1.0,0.01154129379951696,1.0,10000,0.011541293799494978
two23_p0.4,two23,,,0.4,100000,15,100000,129949,2.59898,2,40098,0.40098,1.0,0.024880011913301914,0.99997,99997,0.024880135721478513
two23_p0.6,two23,,,0.6,10000,3,10000,11997,2.3994,1,6004,0.6004,1.0,0.011518337329856632,0.9999,9999,0.011518396398547681
two23_p0.6,two23,,,0.6,10000,6,10000,12019,2.4038,2,5958,0.5958,1.0,0.006881732882157543,0.9985,9985,0.012379207610023313
two23_p0.6,two23,,,0.6,10000,5,9999,12006,2.4014401440144013,0,5985,0.5985598559855986,1.0,0.01258737168779378,1.0,9999,0.012587371687795113
two23_p0.6,two23,,,0.6,10000,8,10000,12022,2.4044,1,5954,0.5954,1.0,0.012548496279663368,0.9998,9998,0.012548584209675528
two23_p0.6,two23,,,0.6,10000,10,10000,11963,2.3926,1,6073,0.6073,1.0,0.012702194877586725,0.9998,9998,0.012702236697147429
two23_p0.6,two23,,,0.6,10000,9,10000,11957,2.3914,0,6086,0.6086,1.0,0.012524598662887687,1.0,10000,0.012524598662867703
two23_p0.6,two23,,,0.6,10000,7,9999,11976,2.3954395439543954,0,6046,0.6046604660466046,1.0,0.012819946205236965,1.0,9999,0.01281994620522342
two23_p0.4,two23,,,0.4,100000,19,100000,130024,2.60048,2,39949,0.39949,1.0,0.02353451894928238,0.99996,99996,0.023534548678740164
two23_p0.6,two23,,,0.6,10000,11,10000,12029,2.4058,0,5942,0.5942,1.0,0.013066597341732544,1.0,10000,0.013066597341725883
two23_p0.6,two23,,,0.6,10000,13,10000,12009,2.4018,0,5982,0.5982,1.0,0.012472173365190242,1.0,10000,0.012472173365170924
two23_p0.6,two23,,,0.6,10000,14,10000,11965,2.393,2,6066,0.6066,1.0,0.01208341257173573,0.9997,9997,0.012083747698607983
two23_p0.6,two23,,,0.6,10000,16,10000,12050,2.41,0,5900,0.59,1.0,0.011141572904745267,1.0,10000,0.0111415729047466
two23_p0.6,two23,,,0.6,10000,12,10000,11951,2.3902,0,6098,0.6098,1.0,0.01276775031320887,1.0,10000,0.01276775031316002
two23_p0.6,two23,,,0.6,10000,15,10000,11985,2.397,0,6030,0.603,1.0,0.013008774871461126,1.0,10000,0.013008774871462014
two23_p0.6,two23,,,0.6,10000,17,10000,11982,2.3964,1,6034,0.6034,1.0,0.012624977168461005,0.9997,9997,0.012625139071865243
two23_p0.6,two23,,,0.6,10000,18,10000,12020,2.404,0,5960,0.596,1.0,0.013058455735141639,1.0,10000,0.013058455735120544
two23_p0.6,two23,,,0.6,10000,19,9998,11957,2.391878375675135,3,6074,0.6075215043008602,1.0,0.01343939175957165,0.9995999199839968,9994,0.013441056637216064
two23_p0.4,two23,,,0.4,100000,18,99998,130050,2.6010520210404207,5,39884,0.39884797695953916,1.0,0.025228582453651116,0.999939998799976,99992,0.025228854148319435
two23_p0.6,two23,,,0.6,100000,2,100000,120044,2.40088,0,59912,0.59912,1.0,0.008162221090322275,1.0,100000,0.008162221090317168
two23_p0.6,two23,,,0.6,100000,3,100000,120016,2.40032,1,59966,0.59966,1.0,0.007999190922139299,0.99993,99993,0.007999193348474432
two23_p0.6,two23,,,0.6,100000,4,100000,119988,2.39976,0,60024,0.60024,1.0,0.00920676955077715,1.0,100000,0.009206769550762717
two23_p0.6,two23,,,0.6,100000,1,99999,119970,2.3994239942399425,0,60058,0.6005860058600586,1.0,0.01030359001918213,1.0,99999,0.01030359001916481
two23_p0.6,two23,,,0.6,100000,5,99999,119936,2.3987439874398744,1,60124,0.6012460124601245,1.0,0.008720086207827604,0.999989999899999,99998,0.008720086698907892
two23_p0.6,two23,,,0.6,100000,0,100000,119922,2.39844,0,60156,0.60156,1.0,0.009404717447173416,1.0,100000,0.009404717447168531
two23_p0.6,two23,,,0.6,100000,8,100000,120000,2.4,2,59997,0.59997,0.99998,0.011766356632525676,0.99998,99998,0.011766356632516128
two23_p0.6,two23,,,0.6,100000,7,100000,120118,2.40236,2,59760,0.5976,0.99998,0.011363340013445633,0.99998,99998,0.011363340013464507
two23_p0.6,two23,,,0.6,100000,9,100000,119953,2.39906,1,60092,0.60092,1.0,0.010164286891933605,0.99998,99998,0.010164293273080105
two23_p0.6,two23,,,0.6,100000,6,100000,120021,2.40042,1,59956,0.59956,1.0,0.009013755409251978,0.99998,99998,0.009013756139628626
two23_p0.6,two23,,,0.6,100000,11,100000,119947,2.39894,2,60102,0.60102,1.0,0.008515229779860078,0.99995,99995,0.00851523014943334
two23_p0.6,two23,,,0.6,100000,10,100000,120120,2.4024,1,59758,0.59758,1.0,0.00910220374484072,0.99998,99998,0.009102204568234296
two23_p0.6,two23,,,0.6,100000,14,99999,119968,2.3993839938399386,2,60057,0.6005760057600577,0.999979999799998,0.009767500353964564,0.999979999799998,99997,0.009767500353974334
two23_p0.6,two23,,,0.6,100000,13,100000,120048,2.40096,0,59904,0.59904,1.0,0.008035049210864953,1.0,100000,0.008035049210869394
two23_p0.6,two23,,,0.6,100000,16,100000,119949,2.39898,2,60098,0.60098,0.99998,0.007232159519119374,0.99998,99998,0.007232159519129144
two23_p0.8,two23,,,0.8,1000,0,999,1093,2.1881881881881884,0,811,0.8118118118118118,1.0,0.004956449696551239,1.0,999,0.004956449696551239
two23_p0.8,two23,,,0.8,1000,1,1000,1097,2.194,3,800,0.8,0.998,0.00504639035220402,0.99,990,0.005047891985573113
two23_p0.8,two23,,,0.8,1000,2,998,1099,2.2024048096192383,0,796,0.7975951903807615,1.0,0.004567932252158955,1.0,998,0.004567932252158955
two23_p0.8,two23,,,0.8,1000,3,1000,1115,2.23,0,771,0.771,1.0,0.005212382434214443,1.0,1000,0.005212382434214443
two23_p0.8,two23,,,0.8,1000,4,999,1108,2.2182182182182184,1,779,0.7797797797797797,1.0,0.004742352589969808,0.996996996996997,996,0.00474236520145879
two23_p0.8,two23,,,0.8,1000,5,1000,1097,2.194,2,802,0.802,0.995,0.004967272085157303,0.998,998,0.0
two23_p0.8,two23,,,0.8,1000,6,1000,1103,2.206,0,794,0.794,1.0,0.004191133412000664,1.0,1000,0.004191133412000664
two23_p0.8,two23,,,0.8,1000,7,1000,1098,2.196,0,805,0.805,1.0,0.0045045966485042265,1.0,1000,0.0045045966485042265
two23_p0.6,two23,,,0.6,100000,15,100000,119899,2.39798,0,60202,0.60202,1.0,0.010639822089787865,1.0,100000,0.010639822089792528
two23_p0.8,two23,,,0.8,1000,9,999,1113,2.2282282282282284,0,771,0.7717717717717718,0.996996996996997,0.005529421321287345,1.0,999,0.0
two23_p0.8,two23,,,0.8,1000,8,1000,1091,2.182,0,818,0.818,1.0,0.002898984592962882,1.0,1000,0.002898984592962882
two23_p0.8,two23,,,0.8,1000,10,999,1107,2.2162162162162162,0,783,0.7837837837837838,1.0,0.005432115844264753,1.0,999,0.005432115844264753
two23_p0.8,two23,,,0.8,1000,11,999,1090,2.1821821821821823,0,817,0.8178178178178178,1.0,0.004063419412540099,1.0,999,0.004063419412540099
two23_p0.8,two23,,,0.8,1000,12,1000,1097,2.194,1,804,0.804,1.0,0.0028690354419580945,0.998,998,0.0028696846099591456
two23_p0.8,two23,,,0.8,1000,13,1000,1086,2.172,2,824,0.824,0.998,0.002866979170746266,0.998,998,0.002866979170746266
two23_p0.8,two23,,,0.8,1000,14,1000,1112,2.224,0,776,0.776,1.0,0.004845868378203223,1.0,1000,0.004845868378203223
two23_p0.8,two23,,,0.8,1000,15,998,1104,2.212424849699399,0,786,0.7875751503006012,1.0,0.00458680239462896,1.0,998,0.00458680239462896
two23_p0.8,two23,,,0.8,1000,17,999,1094,2.19019019019019,2,806,0.8068068068068068,0.997997997997998,0.003339490323947248,0.997997997997998,997,0.003339490323947248
two23_p0.8,two23,,,0.8,1000,16,1000,1089,2.178,2,818,0.818,1.0,0.0035452302344629047,0.981,981,0.0039314407883429955
two23_p0.8,two23,,,0.8,1000,19,1000,1093,2.186,0,814,0.814,0.997,0.004639796619029529,1.0,1000,0.0
two23_p0.8,two23,,,0.8,1000,18,1000,1099,2.198,2,798,0.798,1.0,0.00475854033105193,0.983,983,0.004826086842280944
two23_p0.6,two23,,,0.6,100000,18,100000,119898,2.39796,0,60204,0.60204,1.0,0.010057712001304786,1.0,100000,0.010057712001310337
two23_p0.8,two23,,,0.8,10000,0,10000,10959,2.1918,0,8083,0.8083,1.0,0.0034888562502237708,1.0,10000,0.0034888562502033427
two23_p0.6,two23,,,0.6,100000,12,99999,120100,2.4020240202402023,0,59797,0.5979759797597975,1.0,0.011097148532994039,1.0,99999,0.011097148532990708
two23_p0.6,two23,,,0.6,100000,17,100000,120063,2.40126,1,59872,0.59872,1.0,0.010770003404124484,0.99998,99998,0.010770007835164908
two23_p0.8,two23,,,0.8,10000,2,10000,11013,2.2026,1,7972,0.7972,1.0,0.003382170491425196,0.9997,9997,0.0033821854911408877
two23_p0.8,two23,,,0.8,10000,3,10000,11003,2.2006,0,7995,0.7995,1.0,0.0029187670782253594,1.0,10000,0.0029187670782149233
two23_p0.8,two23,,,0.8,10000,1,10000,10970,2.194,0,8060,0.806,1.0,0.003786874636491966,1.0,10000,0.0037868746365286032
two23_p0.8,two23,,,0.8,10000,6,9999,10972,2.1946194619461945,0,8053,0.8053805380538054,1.0,0.0033365738574553383,1.0,9999,0.0033365738574404613
two23_p0.8,two23,,,0.8,10000,5,9999,11026,2.2054205420542052,0,7945,0.7945794579457945,1.0,0.0038393890847265855,1.0,9999,0.003839389084738798
two23_p0.8,two23,,,0.8,10000,8,10000,11022,2.2044,1,7954,0.7954,0.9994,0.0034931234564961056,0.9988,9988,0.0
two23_p0.8,two23,,,0.8,10000,4,10000,11022,2.2044,0,7956,0.7956,1.0,0.0030613224796243177,1.0,10000,0.0030613224796185445
two23_p0.8,two23,,,0.8,10000,7,10000,10984,2.1968,0,8032,0.8032,1.0,0.0033834677772335287,1.0,10000,0.0033834677772228705
two23_p0.8,two23,,,0.8,10000,10,10000,10995,2.199,0,8010,0.801,0.9997,0.003783917619930577,1.0,10000,0.0
two23_p0.8,two23,,,0.8,10000,11,10000,11008,2.2016,2,7980,0.798,0.9994,0.0043412254636856495,0.9998,9998,0.0
two23_p0.8,two23,,,0.8,10000,9,10000,11008,2.2016,0,7984,0.7984,1.0,0.0036830172763708813,1.0,10000,0.0036830172763515634
two23_p0.6,two23,,,0.6,100000,19,100000,119989,2.39978,2,60018,0.60018,1.0,0.010043972126295042,0.99991,99991,0.010092418898935307
two23_p0.8,two23,,,0.8,10000,13,9999,10984,2.197019701970197,0,8029,0.802980298029803,1.0,0.0028096540073923038,1.0,9999,0.002809654007384088
two23_p0.8,two23,,,0.8,10000,12,10000,10997,2.1994,0,8006,0.8006,1.0,0.0037160514678142853,1.0,10000,0.0037160514678258316
two23_p0.8,two23,,,0.8,10000,14,10000,10973,2.1946,1,8052,0.8052,1.0,0.0032712505978909068,0.9998,9998,0.003271312051982056
two23_p0.8,two23,,,0.8,10000,17,10000,11030,2.206,1,7938,0.7938,1.0,0.0031488640253694022,0.9995,9995,0.0031488770911038966
two23_p0.8,two23,,,0.8,10000,16,9999,11028,2.2058205820582057,0,7941,0.7941794179417941,1.0,0.004057812411888628,1.0,9999,0.004057812411912831
two23_p0.8,two23,,,0.8,10000,19,10000,10999,2.1998,2,7998,0.7998,1.0,0.0028503316563464054,0.9995,9995,0.0028503510294413115
two23_p0.8,two23,,,0.8,10000,15,9998,10984,2.197239447889578,0,8026,0.8027605521104221,1.0,0.0033764899932464676,1.0,9998,0.003376489993249354
two23_p0.8,two23,,,0.8,10000,18,10000,10963,2.1926,0,8074,0.8074,1.0,0.003466116700871602,1.0,10000,0.003466116700866495
two23_p0.8,two23,,,0.8,100000,0,100000,109938,2.19876,0,80124,0.80124,1.0,0.0016414561874174005,1.0,100000,0.0016414561874176226
two23_p0.8,two23,,,0.8,100000,1,100000,110072,2.20144,0,79856,0.79856,1.0,0.0028223504758460027,1.0,100000,0.0028223504758360107
two23_p0.8,two23,,,0.8,100000,3,100000,109874,2.19748,0,80252,0.80252,1.0,0.0026012676283662106,1.0,100000,0.0026012676283644343
two23_p0.8,two23,,,0.8,100000,8,99999,110006,2.2001420014200144,2,79981,0.7998179981799818,0.999979999799998,0.0026414161612284826,0.999979999799998,99997,0.002641416161254684
two23_p0.8,two23,,,0.8,100000,2,99999,110024,2.2005020050200503,0,79949,0.7994979949799498,1.0,0.0027182935907474892,1.0,99999,0.002718293590761256
two23_p0.8,two23,,,0.8,100000,6,100000,110052,2.20104,0,79896,0.79896,1.0,0.0028401001683131533,1.0,100000,0.0028401001682731852
two23_p0.8,two23,,,0.8,100000,7,100000,109877,2.19754,2,80243,0.80243,1.0,0.0027289912560370944,0.99988,99988,0.002728991811278947
two23_p0.8,two23,,,0.8,100000,10,99999,110028,2.200582005820058,0,79941,0.7994179941799417,0.999969999699997,0.0027020916897491087,1.0,99999,0.0
two23_p0.8,two23,,,0.8,100000,5,100000,110198,2.20396,2,79600,0.796,0.99998,0.002502890299273197,0.99998,99998,0.002502890299287186
two23_p0.8,two23,,,0.8,100000,4,99999,110115,2.202322023220232,0,79767,0.7976779767797678,1.0,0.0027843849907760454,1.0,99999,0.0027843849908126828
two23_p0.8,two23,,,0.8,100000,11,99999,110080,2.201622016220162,0,79837,0.7983779837798378,1.0,0.0019558535671069244,1.0,99999,0.001955853567119359
two23_p0.8,two23,,,0.8,100000,14,100000,109981,2.19962,1,80036,0.80036,1.0,0.0017757704694256748,0.99992,99992,0.0017757705573029359
two23_p0.8,two23,,,0.8,100000,16,100000,110003,2.20006,0,79994,0.79994,1.0,0.002531260470195029,1.0,100000,0.0025312604701879238
two23_p0.8,two23,,,0.8,100000,15,99999,109929,2.19860198601986,0,80140,0.8014080140801408,1.0,0.002477239088975569,1.0,99999,0.002477239088970462
two23_p0.8,two23,,,0.8,100000,9,99999,110015,2.200322003220032,1,79965,0.7996579965799658,1.0,0.0024658182899846004,0.999959999599996,99995,0.002465818584004076
two23_p0.8,two23,,,0.8,100000,12,99999,109890,2.1978219782197823,0,80217,0.8021780217802178,1.0,0.002745256682878061,1.0,99999,0.0027452566828736202
b234_p0.5,b234,,,0.5,1000,0,999,1362,2.7267267267267266,0,512,0.5125125125125125,1.0,0.03517502684890378,1.0,999,0.03517502684890378
b234_p0.5,b234,,,0.5,1000,1,1000,1390,2.78,1,475,0.475,1.0,0.03757181095471024,0.999,999,0.03761115613675387
b234_p0.5,b234,,,0.5,1000,2,1000,1365,2.73,0,514,0.514,1.0,0.03359527036657038,1.0,1000,0.03359527036657038
b234_p0.5,b234,,,0.5,1000,3,1000,1356,2.712,0,521,0.521,1.0,0.03273537006202004,1.0,1000,0.03273537006202004
b234_p0.5,b234,,,0.5,1000,4,1000,1368,2.736,0,500,0.5,1.0,0.03343588828788202,1.0,1000,0.03343588828788202
b234_p0.5,b234,,,0.5,1000,5,999,1355,2.7127127127127126,2,520,0.5205205205205206,1.0,0.035164267539939786,0.993993993993994,993,0.037011346895640965
b234_p0.5,b234,,,0.5,1000,6,1000,1383,2.766,0,489,0.489,1.0,0.03985279867312226,1.0,1000,0.03985279867312226
b234_p0.5,b234,,,0.5,1000,7,1000,1364,2.728,1,502,0.502,1.0,0.034294992230522646,0.999,999,0.03429502814322088
b234_p0.5,b234,,,0.5,1000,8,1000,1369,2.738,1,505,0.505,1.0,0.035724468125094215,0.999,999,0.03573790954619652
b234_p0.5,b234,,,0.5,1000,9,1000,1363,2.726,0,503,0.503,1.0,0.022751802980603957,1.0,1000,0.022751802980603957
b234_p0.5,b234,,,0.5,1000,10,1000,1371,2.742,1,510,0.51,1.0,0.03356898026693467,0.999,999,0.033570770127955174
b234_p0.5,b234,,,0.5,1000,11,1000,1357,2.714,1,516,0.516,1.0,0.0329718793655445,0.999,999,0.0329809010154748
b234_p0.5,b234,,,0.5,1000,12,1000,1384,2.768,0,489,0.489,1.0,0.03782427333472368,1.0,1000,0.03782427333472368
b234_p0.5,b234,,,0.5,1000,13,1000,1373,2.746,0,503,0.503,1.0,0.029985809074120427,1.0,1000,0.029985809074120427
b234_p0.5,b234,,,0.5,1000,14,1000,1370,2.74,0,502,0.502,1.0,0.03531219006370514,1.0,1000,0.03531219006370514
b234_p0.5,b234,,,0.5,1000,15,1000,1365,2.73,1,507,0.507,1.0,0.029439851108984432,0.999,999,0.029439953924191745
b234_p0.5,b234,,,0.5,1000,16,1000,1381,2.762,0,488,0.488,1.0,0.03427587484286354,1.0,1000,0.03427587484286354
b234_p0.5,b234,,,0.5,1000,17,1000,1355,2.71,1,521,0.521,1.0,0.03426828156704144,0.999,999,0.03427658804240446
b234_p0.5,b234,,,0.5,1000,18,1000,1374,2.748,0,504,0.504,1.0,0.03647795993984803,1.0,1000,0.03647795993984803
b234_p0.5,b234,,,0.5,1000,19,1000,1366,2.732,0,516,0.516,1.0,0.031022776419252898,1.0,1000,0.031022776419252898
b234_p0.5,b234,,,0.5,10000,0,10000,13748,2.7496,0,4981,0.4981,1.0,0.027319100681665986,1.0,10000,0.027319100681664876
b234_p0.5,b234,,,0.5,10000,2,10000,13748,2.7496,0,5039,0.5039,1.0,0.02922242860892932,1.0,10000,0.029222428608917994
b234_p0.5,b234,,,0.5,10000,1,9999,13727,2.7456745674567458,0,5012,0.5012501250125012,1.0,0.036192654453740314,1.0,9999,0.03619265445378139
b234_p0.5,b234,,,0.5,10000,3,9999,13798,2.7598759875987597,0,4952,0.49524952495249525,1.0,0.03098772863201882,1.0,9999,0.030987728632017708
b234_p0.5,b234,,,0.5,10000,4,10000,13644,2.7288,0,5103,0.5103,1.0,0.02685288338557701,1.0,10000,0.02685288338556413
b234_p0.5,b234,,,0.5,10000,6,10000,13792,2.7584,0,4963,0.4963,0.9997,0.033886366493699915,1.0,10000,0.0
b234_p0.5,b234,,,0.5,10000,5,10000,13731,2.7462,2,5016,0.5016,1.0,0.029411027406846868,0.9998,9998,0.029411125670036897
b234_p0.5,b234,,,0.5,10000,8,10000,13721,2.7442,1,5043,0.5043,1.0,0.0268909434531015,0.9998,9998,0.026890946027567697
two23_p0.8,two23,,,0.8,100000,13,99999,109951,2.199041990419904,0,80095,0.8009580095800958,1.0,0.002930975319122231,1.0,99999,0.002930975319133333
b234_p0.5,b234,,,0.5,10000,7,9999,13685,2.737273727372737,1,5075,0.5075507550755075,1.0,0.02751570130694181,0.9997999799979999,9997,0.02751581497812783
b234_p0.5,b234,,,0.5,10000,10,10000,13738,2.7476,0,4986,0.4986,1.0,0.027630571765792533,1.0,10000,0.02763057176579653
b234_p0.5,b234,,,0.5,10000,9,9999,13748,2.74987498749875,0,5004,0.5004500450045004,1.0,0.027466629115589836,1.0,9999,0.027466629115581842
b234_p0.5,b234,,,0.5,10000,11,10000,13810,2.762,1,4957,0.4957,1.0,0.02966518006202845,0.9999,9999,0.02966518514737282
two23_p0.8,two23,,,0.8,100000,18,99999,110084,2.20170201702017,0,79829,0.7982979829798298,1.0,0.0025154825856394947,1.0,99999,0.0025154825856441576
b234_p0.5,b234,,,0.5,10000,13,9999,13722,2.7446744674467447,2,5014,0.5014501450145015,1.0,0.03193959619323872,0.9994999499949995,9994,0.03193967758644978
b234_p0.5,b234,,,0.5,10000,14,9999,13782,2.7566756675667565,0,4965,0.4965496549654965,1.0,0.033009532511694584,1.0,9999,0.03300953251167793
b234_p0.5,b234,,,0.5,10000,12,9999,13745,2.7492749274927495,0,4978,0.49784978497849786,1.0,0.031552400332859776,1.0,9999,0.031552400332874875
b234_p0.5,b234,,,0.5,10000,15,10000,13656,2.7312,2,5117,0.5117,1.0,0.02865482245168005,0.9996,9996,0.030299460344384688
b234_p0.5,b234,,,0.5,10000,17,10000,13820,2.764,1,4918,0.4918,1.0,0.029553525909424616,0.9995,9995,0.029554437119376553
b234_p0.5,b234,,,0.5,10000,16,10000,13791,2.7582,0,4959,0.4959,1.0,0.03660654807332797,1.0,10000,0.03660654807329711
b234_p0.5,b234,,,0.5,10000,18,10000,13733,2.7466,1,5006,0.5006,1.0,0.03518717539822869,0.9997,9997,0.03519181160293905
b234_p0.5,b234,,,0.5,10000,19,10000,13723,2.7446,0,5026,0.5026,1.0,0.029275540273703715,1.0,10000,0.029275540273706824
two23_p0.8,two23,,,0.8,100000,17,100000,109991,2.19982,1,80016,0.80016,1.0,0.0025692692403951334,0.99999,99999,0.0025692692411476425
two23_p0.8,two23,,,0.8,100000,19,99999,110036,2.2007420074200743,2,79921,0.7992179921799218,0.999979999799998,0.0025809532124083656,0.999979999799998,99997,0.0025809532124132506
b234_p0.5,b234,,,0.5,100000,1,100000,137344,2.74688,0,50144,0.50144,1.0,0.0169365135370112,1.0,100000,0.016936513537002318
b234_p0.5,b234,,,0.5,100000,0,100000,137455,2.7491,1,50026,0.50026,1.0,0.014435441780874525,0.99996,99996,0.014435442074952398
b234_p0.5,b234,,,0.5,100000,2,100000,137361,2.74722,1,50216,0.50216,1.0,0.022721360494689424,0.99994,99994,0.022721375437308566
b234_p0.5,b234,,,0.5,100000,3,100000,137321,2.74642,1,50207,0.50207,1.0,0.02398764200306025,0.99999,99999,0.023987642386144037
b234_p0.5,b234,,,0.5,100000,4,100000,137408,2.74816,0,50045,0.50045,1.0,0.025607328907620186,1.0,100000,0.02560732890762929
b234_p0.5,b234,,,0.5,100000,5,100000,137743,2.75486,1,49662,0.49662,1.0,0.02312241374267998,0.99999,99999,0.023122413778864814
b234_p0.5,b234,,,0.5,100000,6,100000,137550,2.751,2,49945,0.49945,1.0,0.026835115997083436,0.99998,99998,0.026835116618679322
b234_p0.5,b234,,,0.5,100000,8,100000,137645,2.7529,0,49971,0.49971,1.0,0.02400263303214145,1.0,100000,0.0240026330321359
b234_p0.5,b234,,,0.5,100000,7,100000,137640,2.7528,0,49883,0.49883,1.0,0.0230222739502155,1.0,100000,0.023022273950210836
b234_p0.5,b234,,,0.5,100000,9,100000,137342,2.74684,0,50205,0.50205,1.0,0.024343261002239158,1.0,100000,0.02434326100224382
b234_p0.5,b234,,,0.5,100000,10,100000,137474,2.74948,2,50056,0.50056,1.0,0.024395623366621155,0.99998,99998,0.024395624009786898
b234_p0.5,b234,,,0.5,100000,11,100000,137497,2.74994,1,50073,0.50073,1.0,0.023013062864762013,0.99998,99998,0.023013062974936105
b234_p0.5,b234,,,0.5,100000,12,100000,137474,2.74948,0,50059,0.50059,1.0,0.02002771567017847,1.0,100000,0.02002771567016981
b234_p0.5,b234,,,0.5,100000,13,100000,137533,2.75066,0,49933,0.49933,1.0,0.016900911552205633,1.0,100000,0.01690091155222362
b234_p0.5,b234,,,0.5,100000,14,99999,137547,2.750967509675097,0,50032,0.5003250032500325,1.0,0.024738626740642422,1.0,99999,0.02473862674063554
b234_p0.7,b234,,,0.7,1000,0,1000,1210,2.42,5,700,0.7,0.998,0.010641552417444085,0.992,992,0.0106472676318583
b234_p0.7,b234,,,0.7,1000,1,1000,1238,2.476,0,680,0.68,1.0,0.02040236452747902,1.0,1000,0.02040236452747902
b234_p0.7,b234,,,0.7,1000,2,1000,1237,2.474,0,683,0.683,0.996,0.01724944056379934,1.0,1000,0.0
b234_p0.7,b234,,,0.7,1000,3,1000,1238,2.476,2,669,0.669,0.997,0.019415312382024406,0.995,995,0.0
b234_p0.7,b234,,,0.7,1000,4,1000,1229,2.458,1,704,0.704,1.0,0.0171326036330683,0.999,999,0.01713348079552736
b234_p0.5,b234,,,0.5,100000,15,100000,137612,2.75224,0,49847,0.49847,1.0,0.02083343856893083,1.0,100000,0.020833438568918172
b234_p0.7,b234,,,0.7,1000,5,1000,1213,2.426,0,716,0.716,1.0,0.013822478393728197,1.0,1000,0.013822478393728197
b234_p0.7,b234,,,0.7,1000,6,1000,1218,2.436,1,697,0.697,1.0,0.014479475408497082,0.994,994,0.014480353683596629
b234_p0.5,b234,,,0.5,100000,16,100000,137545,2.7509,1,49947,0.49947,1.0,0.02166980085993786,0.99998,99998,0.021669801203257233
b234_p0.7,b234,,,0.7,1000,7,1000,1222,2.444,0,693,0.693,1.0,0.01809990172455455,1.0,1000,0.01809990172455455
b234_p0.7,b234,,,0.7,1000,8,1000,1250,2.5,0,668,0.668,1.0,0.014979093997749516,1.0,1000,0.014979093997749516
b234_p0.5,b234,,,0.5,100000,17,100000,137457,2.74914,0,50138,0.50138,1.0,0.021167690428617547,1.0,100000,0.021167690428635755
b234_p0.7,b234,,,0.7,1000,9,999,1219,2.4404404404404403,0,710,0.7107107107107107,1.0,0.01446275033345699,1.0,999,0.01446275033345699
b234_p0.7,b234,,,0.7,1000,13,1000,1229,2.458,2,686,0.686,0.997,0.01726649902770474,0.998,998,0.0
b234_p0.7,b234,,,0.7,1000,10,1000,1218,2.436,0,707,0.707,1.0,0.016129310396079982,1.0,1000,0.016129310396079982
b234_p0.7,b234,,,0.7,1000,11,1000,1210,2.42,1,721,0.721,1.0,0.015934450469745114,0.998,998,0.01593553605809082
b234_p0.7,b234,,,0.7,1000,12,999,1202,2.4064064064064064,1,716,0.7167167167167167,1.0,0.010211230944576398,0.998998998998999,998,0.010211755842793602
b234_p0.7,b234,,,0.7,1000,15,1000,1244,2.488,2,672,0.672,1.0,0.017167535470945888,0.998,998,0.01722411778260817
b234_p0.7,b234,,,0.7,1000,14,1000,1227,2.454,1,697,0.697,1.0,0.01471130373209672,0.995,995,0.014723508629541087
b234_p0.7,b234,,,0.7,1000,16,999,1214,2.4304304304304303,0,722,0.7227227227227228,1.0,0.010175384709008906,1.0,999,0.010175384709008906
b234_p0.7,b234,,,0.7,1000,17,1000,1208,2.416,0,722,0.722,1.0,0.014750804996122741,1.0,1000,0.014750804996122741
b234_p0.7,b234,,,0.7,1000,19,999,1213,2.4284284284284285,0,719,0.7197197197197197,0.990990990990991,0.01812816239086782,1.0,999,0.0
b234_p0.7,b234,,,0.7,1000,18,1000,1234,2.468,1,684,0.684,1.0,0.012896121119938672,0.999,999,0.012896265067706024
b234_p0.7,b234,,,0.7,10000,0,9999,12225,2.4452445244524452,0,7076,0.7076707670767076,1.0,0.008943801083203473,1.0,9999,0.008943801083193925
b234_p0.7,b234,,,0.7,10000,1,10000,12246,2.4492,1,7015,0.7015,1.0,0.007931122337483165,0.9998,9998,0.007931122346873654
b234_p0.7,b234,,,0.7,10000,2,10000,12239,2.4478,1,7015,0.7015,1.0,0.011853734515715919,0.9998,9998,0.01185374768198888
b234_p0.7,b234,,,0.7,10000,4,10000,12216,2.4432,2,7023,0.7023,1.0,0.012866253987159348,0.9997,9997,0.012866339688604622
b234_p0.7,b234,,,0.7,10000,3,10000,12239,2.4478,0,6998,0.6998,1.0,0.01033610938442453,1.0,10000,0.010336109384430081
b234_p0.7,b234,,,0.7,10000,6,10000,12324,2.4648,0,6917,0.6917,1.0,0.00876329423600053,1.0,10000,0.008763294235995867
b234_p0.5,b234,,,0.5,100000,18,100000,137278,2.74556,0,50191,0.50191,1.0,0.01899749927164085,1.0,100000,0.01899749927166372
b234_p0.5,b234,,,0.5,100000,19,100000,137560,2.7512,0,49852,0.49852,1.0,0.02357441300559593,1.0,100000,0.02357441300559704
b234_p0.7,b234,,,0.7,10000,5,9999,12246,2.4494449444944495,1,7008,0.7008700870087009,1.0,0.011109681651334302,0.9998999899989999,9998,0.011109706769047545
b234_p0.7,b234,,,0.7,10000,8,10000,12192,2.4384,1,7046,0.7046,1.0,0.011311185093352716,0.9998,9998,0.011311216581314731
b234_p0.7,b234,,,0.7,10000,7,10000,12228,2.4456,1,7012,0.7012,1.0,0.014326619024074283,0.9998,9998,0.014326645700056595
b234_p0.7,b234,,,0.7,10000,9,10000,12328,2.4656,1,6890,0.689,1.0,0.013257418687006695,0.9999,9999,0.013257421499634825
b234_p0.7,b234,,,0.7,10000,12,10000,12258,2.4516,0,6981,0.6981,0.9995,0.014181599760312524,1.0,10000,0.0
b234_p0.7,b234,,,0.7,10000,10,10000,12192,2.4384,0,7065,0.7065,1.0,0.012302029650972157,1.0,10000,0.012302029650963053
b234_p0.7,b234,,,0.7,10000,15,9999,12268,2.453845384538454,2,7010,0.701070107010701,0.9997999799979999,0.012091719988762462,0.9997999799979999,9997,0.012091719988767569
b234_p0.7,b234,,,0.7,10000,11,10000,12256,2.4512,1,6999,0.6999,1.0,0.0113708382012907,0.9999,9999,0.011370933848019238
b234_p0.7,b234,,,0.7,10000,14,10000,12188,2.4376,2,7062,0.7062,1.0,0.012810841151721153,0.9997,9997,0.01281165596461431
b234_p0.7,b234,,,0.7,10000,16,10000,12233,2.4466,0,6996,0.6996,1.0,0.010486708472289719,1.0,10000,0.010486708472285056
b234_p0.7,b234,,,0.7,10000,13,10000,12301,2.4602,0,6929,0.6929,1.0,0.0139103616092775,1.0,10000,0.013910361609258848
b234_p0.7,b234,,,0.7,10000,17,10000,12262,2.4524,0,6968,0.6968,1.0,0.012471281625241692,1.0,10000,0.012471281625237696
b234_p0.7,b234,,,0.7,10000,19,10000,12301,2.4602,0,6954,0.6954,1.0,0.010712246440374384,1.0,10000,0.010712246440391704
b234_p0.7,b234,,,0.7,10000,18,10000,12262,2.4524,0,6976,0.6976,1.0,0.014426154918709022,1.0,10000,0.01442615491872079
b234_p0.7,b234,,,0.7,100000,0,100000,122374,2.44748,0,70017,0.70017,0.99996,0.008123351013835212,1.0,100000,0.0
b234_p0.7,b234,,,0.7,100000,5,100000,122523,2.45046,0,69952,0.69952,0.99995,0.008569134435139514,1.0,100000,0.0
b234_p0.7,b234,,,0.7,100000,2,100000,122521,2.45042,0,69989,0.69989,1.0,0.007584197278078797,1.0,100000,0.00758419727808235
b234_p0.7,b234,,,0.7,100000,3,100000,122329,2.44658,0,70306,0.70306,1.0,0.005176208215623035,1.0,100000,0.005176208215599498
b234_p0.7,b234,,,0.7,100000,1,100000,122287,2.44574,1,70217,0.70217,1.0,0.009594648254158455,0.99999,99999,0.009594648269195982
b234_p0.7,b234,,,0.7,100000,4,100000,122552,2.45104,0,69955,0.69955,1.0,0.007357016573352526,1.0,100000,0.007357016573368069
b234_p0.7,b234,,,0.7,100000,6,100000,122578,2.45156,0,70009,0.70009,1.0,0.009225331371151668,1.0,100000,0.009225331371148116
b234_p0.7,b234,,,0.7,100000,7,99999,122532,2.4506645066450665,0,69974,0.6997469974699747,1.0,0.009839767179570025,1.0,99999,0.009839767179537828
b234_p0.7,b234,,,0.7,100000,9,99999,122658,2.4531845318453183,3,69915,0.6991569915699157,1.0,0.009026417875456216,0.999949999499995,99994,0.009026418448845996
b234_p0.7,b234,,,0.7,100000,8,99999,122358,2.4471844718447184,0,70095,0.7009570095700957,1.0,0.00902296369911526,1.0,99999,0.009022963699131692
b234_p0.7,b234,,,0.7,100000,11,100000,122415,2.4483,0,70107,0.70107,1.0,0.007731589690672225,1.0,100000,0.007731589690658236
b234_p0.7,b234,,,0.7,100000,10,100000,122396,2.44792,1,70106,0.70106,1.0,0.009057074984341273,0.99994,99994,0.009057331910990118
b234_p0.7,b234,,,0.7,100000,14,99999,122566,2.4513445134451346,0,70013,0.7001370013700137,1.0,0.00776417985943767,1.0,99999,0.007764179859444997
b234_p0.7,b234,,,0.7,100000,15,100000,122452,2.44904,1,70074,0.70074,1.0,0.00834152965436763,0.99993,99993,0.008341530229830418
b234_p0.7,b234,,,0.7,100000,16,100000,122643,2.45286,2,69782,0.69782,1.0,0.007712725487724281,0.99994,99994,0.007712726922579183
b234_p0.7,b234,,,0.7,100000,13,99999,122847,2.4569645696456965,1,69595,0.6959569595695957,1.0,0.008757656097515554,0.999989999899999,99998,0.00875765628244829
b234_p0.7,b234,,,0.7,100000,17,99999,122759,2.4552045520455206,0,69770,0.6977069770697707,1.0,0.009509313067136427,1.0,99999,0.009509313067128877
b234_p0.7,b234,,,0.7,100000,19,99999,122337,2.4467644676446763,2,70226,0.7022670226702267,0.999979999799998,0.007065811519272769,0.999979999799998,99997,0.00706581151928698
b234_p0.7,b234,,,0.7,100000,18,99998,122570,2.4514490289805795,0,69933,0.6993439868797376,1.0,0.008982942306028363,1.0,99998,0.008982942306033248
b234_p0.7,b234,,,0.7,100000,12,100000,122378,2.44756,0,70123,0.70123,1.0,0.008835654824496109,1.0,100000,0.008835654824497441
unif_D3,unif,,3,,1000,1,1000,1236,2.472,1,526,0.526,1.0,0.016649450165339096,0.999,999,0.016658334969338134
unif_D3,unif,,3,,1000,0,1000,1239,2.478,2,518,0.518,1.0,0.020455670953307664,0.996,996,0.020480079649966437
unif_D3,unif,,3,,1000,3,1000,1243,2.486,1,512,0.512,1.0,0.020304081805820728,0.999,999,0.02032154255696714
unif_D3,unif,,3,,1000,2,1000,1244,2.488,1,510,0.51,1.0,0.019068946537957567,0.997,997,0.01907250229814663
unif_D3,unif,,3,,1000,5,1000,1250,2.5,0,500,0.5,1.0,0.02018347553061318,1.0,1000,0.02018347553061318
unif_D3,unif,,3,,1000,4,1000,1254,2.508,1,490,0.49,1.0,0.022558847124265386,0.999,999,0.022559335241938067
unif_D3,unif,,3,,1000,10,1000,1253,2.506,1,492,0.492,1.0,0.020503658272015828,0.997,997,0.020503814384573212
unif_D3,unif,,3,,1000,8,1000,1258,2.516,0,484,0.484,1.0,0.02129486736616928,1.0,1000,0.02129486736616928
unif_D3,unif,,3,,1000,7,999,1248,2.4984984984984986,0,501,0.5015015015015015,1.0,0.021853018155367384,1.0,999,0.021853018155367384
unif_D3,unif,,3,,1000,9,1000,1247,2.494,0,506,0.506,1.0,0.021684673123844395,1.0,1000,0.021684673123844395
unif_D3,unif,,3,,1000,6,999,1247,2.4964964964964964,2,499,0.4994994994994995,1.0,0.021172436407490773,0.997997997997998,997,0.02117590049495445
unif_D3,unif,,3,,1000,11,1000,1244,2.488,1,510,0.51,1.0,0.020861969241263125,0.998,998,0.020896401245512154
unif_D3,unif,,3,,1000,16,1000,1237,2.474,2,523,0.523,1.0,0.019126655418936683,0.996,996,0.019407635746031958
unif_D3,unif,,3,,1000,13,1000,1260,2.52,2,476,0.476,1.0,0.024483987043078127,0.997,997,0.024552233705137014
unif_D3,unif,,3,,1000,12,1000,1257,2.514,0,486,0.486,1.0,0.02177415010902865,1.0,1000,0.02177415010902865
unif_D3,unif,,3,,1000,14,1000,1245,2.49,3,504,0.504,1.0,0.01177946688123168,0.984,984,0.016160983818784173
unif_D3,unif,,3,,1000,15,1000,1248,2.496,3,498,0.498,1.0,0.01748981488386865,0.994,994,0.017500175334709996
unif_D3,unif,,3,,1000,17,1000,1249,2.498,1,501,0.501,1.0,0.018370476702239534,0.999,999,0.018372699157926276
unif_D3,unif,,3,,1000,18,1000,1260,2.52,1,478,0.478,1.0,0.023263173324536042,0.998,998,0.02329662095633848
unif_D3,unif,,3,,1000,19,1000,1246,2.492,1,507,0.507,1.0,0.021922096682376803,0.997,997,0.022017558722771752
unif_D3,unif,,3,,10000,1,10000,12485,2.497,0,5030,0.503,1.0,0.018675435821714936,1.0,10000,0.01867543582169673
unif_D3,unif,,3,,10000,0,10000,12475,2.495,0,5050,0.505,1.0,0.019448744811428886,1.0,10000,0.019448744811429997
unif_D3,unif,,3,,10000,2,9999,12525,2.5052505250525052,0,4947,0.49474947494749477,1.0,0.020173676158057097,1.0,9999,0.020173676158063092
unif_D3,unif,,3,,10000,4,10000,12538,2.5076,1,4922,0.4922,1.0,0.018095169693999713,0.9998,9998,0.018095702623797116
unif_D3,unif,,3,,10000,5,9999,12508,2.501850185018502,0,4981,0.49814981498149813,1.0,0.01857480957441826,1.0,9999,0.0185748095744267
unif_D3,unif,,3,,10000,3,10000,12467,2.4934,0,5066,0.5066,1.0,0.01475679157767873,1.0,10000,0.0147567915776734
unif_D3,unif,,3,,10000,6,10000,12450,2.49,4,5092,0.5092,0.9998,0.018933534836563792,0.9996,9996,0.018933691351147086
unif_D3,unif,,3,,10000,8,10000,12482,2.4964,2,5032,0.5032,1.0,0.019212101785526237,0.9996,9996,0.019212616221572
unif_D3,unif,,3,,10000,7,10000,12542,2.5084,1,4914,0.4914,1.0,0.019880709075663416,0.9998,9998,0.01988078349061606
unif_D3,unif,,3,,10000,10,10000,12492,2.4984,0,5017,0.5017,1.0,0.01738970697571318,1.0,10000,0.01738970697570097
unif_D3,unif,,3,,10000,9,10000,12527,2.5054,0,4946,0.4946,1.0,0.013651139662835599,1.0,10000,0.013651139662830047
unif_D3,unif,,3,,10000,11,10000,12442,2.4884,0,5116,0.5116,1.0,0.019698871241639937,1.0,10000,0.019698871241669913
unif_D3,unif,,3,,10000,12,9999,12494,2.499049904990499,0,5009,0.5009500950095009,1.0,0.018604719495605604,1.0,9999,0.018604719495601385
unif_D3,unif,,3,,10000,13,10000,12527,2.5054,0,4946,0.4946,1.0,0.019741654479555226,1.0,10000,0.01974165447956233
unif_D3,unif,,3,,10000,17,10000,12458,2.4916,0,5084,0.5084,1.0,0.018874267365127206,1.0,10000,0.018874267365121433
unif_D3,unif,,3,,10000,14,10000,12485,2.497,0,5030,0.503,1.0,0.020022553648664676,1.0,10000,0.020022553648666674
unif_D3,unif,,3,,10000,16,10000,12513,2.5026,1,4972,0.4972,1.0,0.020116342728040637,0.9998,9998,0.02011832491623844
unif_D3,unif,,3,,10000,18,10000,12489,2.4978,1,5021,0.5021,1.0,0.019403518357159033,0.9999,9999,0.019403601578368512
unif_D3,unif,,3,,10000,15,10000,12489,2.4978,0,5022,0.5022,1.0,0.0189743612674369,1.0,10000,0.018974361267442008
unif_D3,unif,,3,,10000,19,10000,12510,2.502,2,4977,0.4977,1.0,0.016299532315683152,0.9997,9997,0.016299591788764056
unif_D3,unif,,3,,100000,4,100000,124941,2.49882,3,50112,0.50112,1.0,0.010412478725065899,0.99988,99988,0.015191684718611986
unif_D3,unif,,3,,100000,1,100000,125045,2.5009,1,49909,0.49909,1.0,0.014239847110159243,0.99999,99999,0.014239847610492573
unif_D3,unif,,3,,100000,0,100000,124990,2.4998,0,50020,0.5002,1.0,0.015638363347796114,1.0,100000,0.015638363347805218
unif_D3,unif,,3,,100000,3,100000,124851,2.49702,5,50288,0.50288,0.99998,0.016307917838113584,0.99992,99992,0.016307918256918352
unif_D3,unif,,3,,100000,5,100000,124903,2.49806,1,50193,0.50193,1.0,0.01669297694946814,0.99994,99994,0.01736032488084538
unif_D3,unif,,3,,100000,2,99999,124856,2.4971449714497145,0,50286,0.5028650286502865,1.0,0.016862136777988868,1.0,99999,0.01686213677797954
unif_D3,unif,,3,,100000,7,100000,125039,2.50078,0,49922,0.49922,1.0,0.013057198212636623,1.0,100000,0.01305719821264284
unif_D3,unif,,3,,100000,6,100000,125146,2.50292,2,49704,0.49704,1.0,0.016372241218927996,0.99997,99997,0.01637227146653064
unif_D3,unif,,3,,100000,8,100000,125043,2.50086,2,49910,0.4991,1.0,0.015232644643151882,0.99996,99996,0.01523265185822309
unif_D3,unif,,3,,100000,9,100000,125042,2.50084,2,49913,0.49913,1.0,0.014143056180265123,0.99998,99998,0.014143057895275035
unif_D3,unif,,3,,100000,10,100000,124835,2.4967,1,50328,0.50328,1.0,0.013546203964412307,0.99998,99998,0.013546204433744435
unif_D3,unif,,3,,100000,13,100000,124901,2.49802,1,50196,0.50196,1.0,0.014195233680257102,0.99998,99998,0.014195233931334261
unif_D3,unif,,3,,100000,11,99999,124963,2.4992849928499283,1,50069,0.5006950069500695,1.0,0.015529080316301735,0.999989999899999,99998,0.015529140553744769
unif_D3,unif,,3,,100000,12,100000,125117,2.50234,1,49764,0.49764,1.0,0.015082175079885296,0.99999,99999,0.015082180860435779
unif_D3,unif,,3,,100000,14,100000,125018,2.50036,1,49962,0.49962,1.0,0.014510884708794247,0.99999,99999,0.01451088523067412
unif_D4,unif,,4,,1000,0,1000,1521,3.042,2,310,0.31,1.0,0.054958842967772564,0.998,998,0.05496716149833915
unif_D4,unif,,4,,1000,1,1000,1495,2.99,0,332,0.332,1.0,0.05248151189110268,1.0,1000,0.05248151189110268
unif_D4,unif,,4,,1000,2,1000,1500,3.0,1,331,0.331,1.0,0.05163911398329022,0.999,999,0.05164564144135116
unif_D4,unif,,4,,1000,3,1000,1486,2.972,1,351,0.351,1.0,0.05870281232889068,0.999,999,0.05870737542366551
unif_D4,unif,,4,,1000,4,1000,1487,2.974,0,352,0.352,1.0,0.052463441620343484,1.0,1000,0.052463441620343484
unif_D3,unif,,3,,100000,16,100000,124803,2.49606,1,50392,0.50392,1.0,0.014368512981545623,0.99998,99998,0.01436851428222341
unif_D4,unif,,4,,1000,5,999,1491,2.984984984984985,1,342,0.34234234234234234,1.0,0.06074637493695589,0.998998998998999,998,0.06076590165033307
unif_D4,unif,,4,,1000,6,1000,1486,2.972,1,338,0.338,1.0,0.049853508786557296,0.999,999,0.04985849148506871
unif_D4,unif,,4,,1000,7,1000,1477,2.954,1,348,0.348,1.0,0.053732863064772624,0.999,999,0.05381374142696361
unif_D4,unif,,4,,1000,8,1000,1494,2.988,2,337,0.337,1.0,0.05840204140747485,0.998,998,0.05860243003440423
unif_D4,unif,,4,,1000,9,1000,1494,2.988,0,340,0.34,1.0,0.05998794102227082,1.0,1000,0.05998794102227082
unif_D4,unif,,4,,1000,10,1000,1495,2.99,0,348,0.348,1.0,0.049992486493105774,1.0,1000,0.049992486493105774
unif_D3,unif,,3,,100000,15,100000,125106,2.50212,0,49789,0.49789,1.0,0.015871453643556688,1.0,100000,0.015871453643556466
unif_D4,unif,,4,,1000,11,1000,1491,2.982,1,342,0.342,1.0,0.05810543242157016,0.999,999,0.05812703601218847
unif_D4,unif,,4,,1000,12,1000,1480,2.96,0,357,0.357,1.0,0.054942883388279046,1.0,1000,0.054942883388279046
unif_D4,unif,,4,,1000,14,1000,1494,2.988,0,344,0.344,1.0,0.056363184152445865,1.0,1000,0.056363184152445865
unif_D4,unif,,4,,1000,13,1000,1489,2.978,0,330,0.33,1.0,0.05790477425975567,1.0,1000,0.05790477425975567
unif_D4,unif,,4,,1000,15,1000,1480,2.96,0,357,0.357,1.0,0.05515798156092307,1.0,1000,0.05515798156092307
unif_D4,unif,,4,,1000,16,1000,1514,3.028,0,321,0.321,1.0,0.058350823885370044,1.0,1000,0.058350823885370044
unif_D4,unif,,4,,1000,18,1000,1515,3.03,1,316,0.316,1.0,0.05827682710441415,0.999,999,0.058277223417035624
unif_D4,unif,,4,,1000,17,1000,1512,3.024,1,329,0.329,1.0,0.04184712501664557,0.998,998,0.04185169411497294
unif_D4,unif,,4,,1000,19,1000,1507,3.014,0,338,0.338,1.0,0.05812908767212333,1.0,1000,0.05812908767212333
unif_D4,unif,,4,,10000,1,10000,15000,3.0,0,3334,0.3334,1.0,0.039827653122231244,1.0,10000,0.0398276531222268
unif_D4,unif,,4,,10000,0,10000,14979,2.9958,0,3314,0.3314,1.0,0.051570039219802855,1.0,10000,0.05157003921980152
unif_D4,unif,,4,,10000,2,10000,14925,2.985,2,3417,0.3417,1.0,0.04826897788185569,0.9996,9996,0.04827696841871387
unif_D4,unif,,4,,10000,4,10000,14992,2.9984,0,3353,0.3353,1.0,0.03915106244763278,1.0,10000,0.03915106244762723
unif_D4,unif,,4,,10000,5,10000,14994,2.9988,2,3349,0.3349,1.0,0.046975675214108614,0.9996,9996,0.04697607364807599
unif_D4,unif,,4,,10000,3,10000,15026,3.0052,0,3331,0.3331,1.0,0.050785396108856906,1.0,10000,0.050785396108866454
unif_D4,unif,,4,,10000,6,10000,14951,2.9902,0,3341,0.3341,1.0,0.04049557336033893,1.0,10000,0.040495573360338266
unif_D4,unif,,4,,10000,7,10000,15082,3.0164,0,3272,0.3272,1.0,0.05569404601397654,1.0,10000,0.05569404601396499
unif_D4,unif,,4,,10000,8,10000,14975,2.995,0,3320,0.332,1.0,0.052896777245177606,1.0,10000,0.05289677724517894
unif_D3,unif,,3,,100000,19,99999,125038,2.5007850078500784,0,49921,0.4992149921499215,1.0,0.014549129102342295,1.0,99999,0.014549129102310099
unif_D4,unif,,4,,10000,9,9999,15044,3.009100910091009,0,3289,0.32893289328932895,1.0,0.05440235933067461,1.0,9999,0.05440235933066928
unif_D4,unif,,4,,10000,10,10000,15012,3.0024,1,3317,0.3317,1.0,0.05234437273473791,0.9999,9999,0.052346344103575415
unif_D3,unif,,3,,100000,17,99999,125045,2.5009250092500923,0,49907,0.4990749907499075,1.0,0.01696017503060343,1.0,99999,0.01696017503062186
unif_D4,unif,,4,,10000,11,10000,14972,2.9944,0,3338,0.3338,1.0,0.05385456619289952,1.0,10000,0.05385456619287421
unif_D4,unif,,4,,10000,12,10000,14990,2.998,0,3355,0.3355,1.0,0.04485334308705813,1.0,10000,0.04485334308705946
unif_D4,unif,,4,,10000,15,10000,15033,3.0066,1,3290,0.329,1.0,0.047295751794409036,0.9998,9998,0.04729640074981356
unif_D4,unif,,4,,10000,14,10000,15026,3.0052,3,3298,0.3298,1.0,0.046540718519381574,0.9995,9995,0.046541208030362435
unif_D4,unif,,4,,10000,13,10000,14946,2.9892,0,3413,0.3413,1.0,0.05417832892286589,1.0,10000,0.054178328922861896
unif_D4,unif,,4,,10000,16,10000,14947,2.9894,1,3412,0.3412,1.0,0.051031823210924365,0.9999,9999,0.05103358467202579
unif_D4,unif,,4,,10000,17,10000,15017,3.0034,0,3341,0.3341,1.0,0.03718247717078782,1.0,10000,0.0371824771707836
unif_D4,unif,,4,,10000,19,9999,14996,2.9994999499949997,2,3317,0.3317331733173317,0.9997999799979999,0.050527667769647344,0.9997999799979999,9997,0.05052766776965223
unif_D4,unif,,4,,10000,18,9999,15029,3.006100610061006,1,3321,0.3321332133213321,1.0,0.049060848746967256,0.9998999899989999,9998,0.04906099445072831
unif_D3,unif,,3,,100000,18,100000,125034,2.50068,2,49928,0.49928,1.0,0.01329431030740369,0.99997,99997,0.013294311334423936
unif_D4,unif,,4,,100000,2,100000,150120,3.0024,1,33200,0.332,1.0,0.03866845107856043,0.99998,99998,0.03866845111310857
unif_D4,unif,,4,,100000,0,100000,149941,2.99882,0,33458,0.33458,1.0,0.04050495395537301,1.0,100000,0.040504953955379897
unif_D4,unif,,4,,100000,4,100000,150104,3.00208,0,33267,0.33267,1.0,0.03804718403150553,1.0,100000,0.038047184031503534
unif_D4,unif,,4,,100000,3,100000,150171,3.00342,0,33247,0.33247,1.0,0.0409713096494031,1.0,100000,0.040971309649405985
unif_D4,unif,,4,,100000,5,100000,150023,3.00046,1,33332,0.33332,1.0,0.02938573430255853,0.99999,99999,0.029385734517272777
unif_D4,unif,,4,,100000,1,99999,150051,3.001050010500105,0,33264,0.33264332643326433,1.0,0.04798878724079336,1.0,99999,0.04798878724079736
unif_D4,unif,,4,,100000,6,100000,149885,2.9977,0,33380,0.3338,1.0,0.032315529247221475,1.0,100000,0.03231552924721881
unif_D4,unif,,4,,100000,9,100000,149996,2.99992,0,33267,0.33267,1.0,0.04094062942634169,1.0,100000,0.04094062942634191
unif_D4,unif,,4,,100000,7,99998,150147,3.0030000600012,0,33299,0.33299665993319866,1.0,0.04489016779673105,1.0,99998,0.04489016779672883
unif_D4,unif,,4,,100000,10,100000,149989,2.99978,1,33416,0.33416,1.0,0.04114876494899744,0.99999,99999,0.041148776003902876
unif_D4,unif,,4,,100000,11,100000,150116,3.00232,0,33275,0.33275,1.0,0.03826682547279869,1.0,100000,0.03826682547279425
unif_D4,unif,,4,,100000,8,99999,150212,3.004270042700427,0,33133,0.3313333133331333,1.0,0.04723521946403131,1.0,99999,0.04723521946402798
unif_D4,unif,,4,,100000,13,99999,149849,2.997009970099701,1,33521,0.3352133521335213,1.0,0.029997664710268657,0.999989999899999,99998,0.029997664724265682
unif_D4,unif,,4,,100000,12,100000,150103,3.00206,0,33120,0.3312,1.0,0.043157200655342676,1.0,100000,0.043157200655357775
unif_D4,unif,,4,,100000,14,100000,149909,2.99818,1,33554,0.33554,1.0,0.0390040391301687,0.99999,99999,0.039004039236223864
unif_D5,unif,,5,,1000,0,999,1761,3.5255255255255253,1,242,0.24224224224224225,1.0,0.09475724615780061,0.998998998998999,998,0.09483177889100752
unif_D5,unif,,5,,1000,1,1000,1727,3.454,1,254,0.254,1.0,0.06952293130367271,0.999,999,0.06952592459209783
unif_D5,unif,,5,,1000,2,1000,1760,3.52,2,236,0.236,1.0,0.06471254269705659,0.998,998,0.06471420653703043
unif_D5,unif,,5,,1000,3,1000,1730,3.46,0,247,0.247,1.0,0.08915549432989817,1.0,1000,0.08915549432989817
unif_D5,unif,,5,,1000,4,1000,1727,3.454,0,268,0.268,1.0,0.09446528415002373,1.0,1000,0.09446528415002373
unif_D4,unif,,4,,100000,16,100000,149835,2.9967,0,33564,0.33564,1.0,0.04233059171726872,1.0,100000,0.04233059171727804
unif_D5,unif,,5,,1000,5,1000,1737,3.474,0,263,0.263,1.0,0.09519451405958357,1.0,1000,0.09519451405958357
unif_D5,unif,,5,,1000,6,1000,1752,3.504,1,257,0.257,1.0,0.10048995422905412,0.999,999,0.10049147685607226
unif_D4,unif,,4,,100000,17,100000,149957,2.99914,1,33298,0.33298,1.0,0.037417578667125806,0.99999,99999,0.03741757979837734
unif_D5,unif,,5,,1000,7,999,1770,3.5435435435435436,1,246,0.24624624624624625,1.0,0.0871022005706023,0.998998998998999,998,0.08713747085836875
unif_D5,unif,,5,,1000,8,1000,1738,3.476,0,277,0.277,1.0,0.10208105409267082,1.0,1000,0.10208105409267082
unif_D5,unif,,5,,1000,9,1000,1758,3.516,0,252,0.252,1.0,0.0999941762932454,1.0,1000,0.0999941762932454
unif_D5,unif,,5,,1000,10,1000,1769,3.538,0,255,0.255,1.0,0.09725847419009152,1.0,1000,0.09725847419009152
unif_D5,unif,,5,,1000,11,1000,1785,3.57,0,232,0.232,1.0,0.09706767816172683,1.0,1000,0.09706767816172683
unif_D5,unif,,5,,1000,12,1000,1739,3.478,0,244,0.244,1.0,0.09265746511349401,1.0,1000,0.09265746511349401
unif_D5,unif,,5,,1000,14,1000,1764,3.528,0,252,0.252,1.0,0.09617002048200186,1.0,1000,0.09617002048200186
unif_D4,unif,,4,,100000,15,100000,150100,3.002,0,33322,0.33322,1.0,0.04040326212800238,1.0,100000,0.04040326212799905
unif_D5,unif,,5,,1000,15,1000,1752,3.504,0,233,0.233,1.0,0.09567577719653922,1.0,1000,0.09567577719653922
unif_D5,unif,,5,,1000,13,1000,1758,3.516,0,233,0.233,1.0,0.08550990884141707,1.0,1000,0.08550990884141707
unif_D5,unif,,5,,1000,16,1000,1755,3.51,0,250,0.25,1.0,0.09874246089684557,1.0,1000,0.09874246089684557
unif_D5,unif,,5,,1000,17,999,1722,3.4474474474474475,1,256,0.25625625625625625,1.0,0.08736966782393846,0.998998998998999,998,0.08745462114873823
unif_D5,unif,,5,,1000,18,1000,1756,3.512,1,226,0.226,1.0,0.09646138185647773,0.999,999,0.09646158993093966
unif_D5,unif,,5,,1000,19,1000,1725,3.45,2,271,0.271,1.0,0.0852868815382619,0.998,998,0.09097823633616159
unif_D5,unif,,5,,10000,0,10000,17418,3.4836,2,2554,0.2554,1.0,0.07121492193948553,0.9998,9998,0.07121492531503737
unif_D5,unif,,5,,10000,1,10000,17586,3.5172,0,2476,0.2476,1.0,0.08969606665891616,1.0,10000,0.08969606665891483
unif_D5,unif,,5,,10000,3,10000,17473,3.4946,0,2521,0.2521,1.0,0.09096337031441792,1.0,10000,0.09096337031440327
unif_D5,unif,,5,,10000,2,9999,17549,3.5101510151015103,1,2486,0.24862486248624863,1.0,0.08220449222503134,0.9998999899989999,9998,0.08220459423207305
unif_D5,unif,,5,,10000,4,10000,17543,3.5086,0,2470,0.247,1.0,0.09188121729283827,1.0,10000,0.09188121729285048
unif_D4,unif,,4,,100000,19,100000,150004,3.00008,1,33438,0.33438,1.0,0.04325046757565176,0.99999,99999,0.04325047343504429
unif_D5,unif,,5,,10000,5,9999,17575,3.515351535153515,0,2474,0.24742474247424742,1.0,0.08556304954990801,1.0,9999,0.08556304954990268
unif_D5,unif,,5,,10000,6,10000,17421,3.4842,1,2551,0.2551,1.0,0.07957011547896276,0.9999,9999,0.07957011646407453
unif_D5,unif,,5,,10000,7,10000,17624,3.5248,1,2382,0.2382,1.0,0.08402092213526124,0.9999,9999,0.08402114337842437
unif_D5,unif,,5,,10000,8,10000,17600,3.52,2,2457,0.2457,1.0,0.08473130174157606,0.9998,9998,0.08473404770929749
unif_D5,unif,,5,,10000,10,10000,17464,3.4928,0,2530,0.253,1.0,0.07022138817773782,1.0,10000,0.07022138817774404
unif_D5,unif,,5,,10000,11,10000,17529,3.5058,2,2510,0.251,1.0,0.05985870128144577,0.9998,9998,0.0598587573698548
unif_D5,unif,,5,,10000,9,10000,17406,3.4812,0,2513,0.2513,1.0,0.04621535343976224,1.0,10000,0.04621535343975336
unif_D5,unif,,5,,10000,12,10000,17478,3.4956,1,2537,0.2537,1.0,0.08221725035091554,0.9999,9999,0.08221780488931829
unif_D5,unif,,5,,10000,13,10000,17462,3.4924,1,2529,0.2529,1.0,0.0735432776587297,0.9999,9999,0.07354333513772326
unif_D5,unif,,5,,10000,14,10000,17522,3.5044,0,2496,0.2496,1.0,0.05699440910515219,1.0,10000,0.05699440910514819
unif_D5,unif,,5,,10000,15,10000,17501,3.5002,0,2492,0.2492,1.0,0.08311385456445253,1.0,10000,0.08311385456444653
unif_D5,unif,,5,,10000,16,10000,17473,3.4946,1,2488,0.2488,1.0,0.08258468239418781,0.9999,9999,0.08258476545238058
unif_D5,unif,,5,,10000,17,10000,17566,3.5132,2,2411,0.2411,1.0,0.06832410276196965,0.9998,9998,0.06832414860417724
unif_D5,unif,,5,,10000,19,10000,17460,3.492,1,2548,0.2548,1.0,0.05606405221466937,0.9999,9999,0.05606407537728475
unif_D5,unif,,5,,10000,18,10000,17470,3.494,0,2526,0.2526,1.0,0.07396444314520845,1.0,10000,0.07396444314521822
unif_D4,unif,,4,,100000,18,100000,149924,2.99848,0,33378,0.33378,1.0,0.044676592681945904,1.0,100000,0.04467659268195234
unif_D5,unif,,5,,100000,0,100000,175206,3.50412,0,24940,0.2494,1.0,0.06586546459702936,1.0,100000,0.06586546459704357
unif_D5,unif,,5,,100000,1,100000,175187,3.50374,1,24809,0.24809,1.0,0.062482282841830106,0.99999,99999,0.062482283029325236
unif_D5,unif,,5,,100000,4,100000,175293,3.50586,0,24818,0.24818,1.0,0.07119196930336802,1.0,100000,0.07119196930338179
unif_D5,unif,,5,,100000,2,100000,174670,3.4934,0,25288,0.25288,1.0,0.07524760059950508,1.0,100000,0.07524760059950775
unif_D5,unif,,5,,100000,3,100000,175253,3.50506,0,24852,0.24852,1.0,0.07466700614192123,1.0,100000,0.07466700614193011
unif_D5,unif,,5,,100000,5,100000,175047,3.50094,2,24946,0.24946,1.0,0.07439160844721804,0.99998,99998,0.0743916106003355
unif_D5,unif,,5,,100000,6,100000,175130,3.5026,1,24943,0.24943,1.0,0.07636301133448242,0.99998,99998,0.07636305114597275
unif_D5,unif,,5,,100000,7,100000,174884,3.49768,1,25143,0.25143,1.0,0.06895758257749862,0.99999,99999,0.06895758327917045
unif_D5,unif,,5,,100000,9,100000,174828,3.49656,0,25148,0.25148,1.0,0.06012520237055852,1.0,100000,0.06012520237054653
unif_D5,unif,,5,,100000,8,100000,175386,3.50772,0,24726,0.24726,1.0,0.06781080649301363,1.0,100000,0.06781080649301185
unif_D5,unif,,5,,100000,10,100000,174641,3.49282,1,25226,0.25226,1.0,0.07153661187836313,0.99999,99999,0.07153661187877769
unif_D5,unif,,5,,100000,11,100000,174928,3.49856,0,25028,0.25028,1.0,0.06817062360543846,1.0,100000,0.06817062360543824
unif_D5,unif,,5,,100000,14,100000,174833,3.49666,0,25192,0.25192,1.0,0.04755408206789857,1.0,100000,0.047554082067903236
unif_D5,unif,,5,,100000,12,100000,175103,3.50206,0,25008,0.25008,1.0,0.06521108643068874,1.0,100000,0.06521108643069629
unif_D5,unif,,5,,100000,13,99999,174921,3.4984549845498454,1,25121,0.25121251212512125,1.0,0.0744109387143439,0.999989999899999,99998,0.07441093985859659
unif_D5,unif,,5,,100000,16,100000,174960,3.4992,0,25030,0.2503,1.0,0.07414163180193079,1.0,100000,0.07414163180194033
unif_D6,unif,,6,,1000,0,1000,1969,3.938,0,210,0.21,1.0,0.11888256261991453,1.0,1000,0.11888256261991453
unif_D6,unif,,6,,1000,2,1000,1966,3.932,0,200,0.2,1.0,0.13127462040336949,1.0,1000,0.13127462040336949
unif_D6,unif,,6,,1000,1,1000,2002,4.004,0,189,0.189,1.0,0.12894809799526347,1.0,1000,0.12894809799526347
unif_D6,unif,,6,,1000,4,1000,2028,4.056,0,198,0.198,1.0,0.14325556109231627,1.0,1000,0.14325556109231627
unif_D6,unif,,6,,1000,3,1000,1957,3.914,0,210,0.21,1.0,0.11964533499684286,1.0,1000,0.11964533499684286
unif_D6,unif,,6,,1000,5,1000,1973,3.946,2,212,0.212,1.0,0.10746773123154635,0.997,997,0.10755405979208228
unif_D6,unif,,6,,1000,6,1000,1998,3.996,0,196,0.196,1.0,0.12394278033803285,1.0,1000,0.12394278033803285
unif_D5,unif,,5,,100000,15,100000,174830,3.4966,0,25041,0.25041,1.0,0.07472943867084303,1.0,100000,0.0747294386708448
unif_D6,unif,,6,,1000,7,1000,1989,3.978,3,203,0.203,1.0,0.13394357341457425,0.997,997,0.13405676198776262
unif_D6,unif,,6,,1000,8,999,1985,3.973973973973974,0,187,0.1871871871871872,1.0,0.11788861549472344,1.0,999,0.11788861549472344
unif_D6,unif,,6,,1000,10,1000,2009,4.018,0,187,0.187,1.0,0.13229676028752418,1.0,1000,0.13229676028752418
unif_D6,unif,,6,,1000,9,1000,2016,4.032,0,184,0.184,1.0,0.13378116456068972,1.0,1000,0.13378116456068972
unif_D6,unif,,6,,1000,12,1000,1977,3.954,0,208,0.208,1.0,0.11577643408365498,1.0,1000,0.11577643408365498
unif_D6,unif,,6,,1000,11,1000,1987,3.974,1,214,0.214,1.0,0.09120517422281973,0.999,999,0.09120594610592168
unif_D6,unif,,6,,1000,13,1000,1987,3.974,1,197,0.197,1.0,0.12367459944533708,0.999,999,0.12370822696763198
unif_D6,unif,,6,,1000,15,1000,1995,3.99,0,188,0.188,1.0,0.11796339374907017,1.0,1000,0.11796339374907017
unif_D6,unif,,6,,1000,14,1000,2024,4.048,1,194,0.194,1.0,0.1388889161823554,0.999,999,0.13893968628508516
unif_D6,unif,,6,,1000,17,1000,1939,3.878,3,204,0.204,1.0,0.12393512669928496,0.997,997,0.12401714911297915
unif_D6,unif,,6,,1000,18,1000,2002,4.004,0,189,0.189,1.0,0.13772386008800816,1.0,1000,0.13772386008800816
unif_D5,unif,,5,,100000,17,100000,175132,3.50264,0,24849,0.24849,1.0,0.06611020048443761,1.0,100000,0.0661102004844274
unif_D6,unif,,6,,1000,16,1000,1991,3.982,0,193,0.193,1.0,0.13034459358691466,1.0,1000,0.13034459358691466
unif_D6,unif,,6,,1000,19,999,1987,3.977977977977978,0,206,0.2062062062062062,1.0,0.12567088795351067,1.0,999,0.12567088795351067
unif_D6,unif,,6,,10000,1,10000,20018,4.0036,1,2006,0.2006,1.0,0.12385178146525422,0.9999,9999,0.12385178295178645
unif_D6,unif,,6,,10000,2,10000,20091,4.0182,0,1948,0.1948,1.0,0.09058352789068014,1.0,10000,0.09058352789067392
unif_D6,unif,,6,,10000,0,10000,20114,4.0228,0,1960,0.196,1.0,0.09207190422635736,1.0,10000,0.09207190422635114
unif_D6,unif,,6,,10000,3,10000,20140,4.028,0,1932,0.1932,1.0,0.10039435353693404,1.0,10000,0.10039435353694293
unif_D6,unif,,6,,10000,5,10000,20122,4.0244,3,1942,0.1942,1.0,0.11696811720061984,0.9996,9996,0.11696906525969042
unif_D6,unif,,6,,10000,6,10000,19969,3.9938,0,2010,0.201,1.0,0.11285631970851084,1.0,10000,0.11285631970851329
unif_D6,unif,,6,,10000,4,10000,19900,3.98,0,2047,0.2047,1.0,0.11209709431523862,1.0,10000,0.11209709431523973
unif_D6,unif,,6,,10000,7,10000,20091,4.0182,0,1909,0.1909,1.0,0.11261642001622918,1.0,10000,0.11261642001623362
unif_D5,unif,,5,,100000,19,100000,175238,3.50476,0,25064,0.25064,1.0,0.0754893643375254,1.0,100000,0.07548936433753162
unif_D6,unif,,6,,10000,8,10000,19958,3.9916,1,1941,0.1941,1.0,0.11493040086277051,0.9999,9999,0.11493188638345919
unif_D6,unif,,6,,10000,9,10000,19933,3.9866,1,2073,0.2073,1.0,0.12422749765112129,0.9999,9999,0.12423119037228902
unif_D6,unif,,6,,10000,10,10000,19970,3.994,0,2027,0.2027,1.0,0.10517193868957797,1.0,10000,0.10517193868957597
unif_D6,unif,,6,,10000,11,10000,19982,3.9964,0,2004,0.2004,1.0,0.09301505569971602,1.0,10000,0.09301505569971225
unif_D6,unif,,6,,10000,12,10000,20018,4.0036,1,1946,0.1946,1.0,0.11273558831221986,0.9999,9999,0.11273559261699817
unif_D6,unif,,6,,10000,13,10000,19989,3.9978,2,2026,0.2026,1.0,0.09383284392874103,0.9998,9998,0.09383295647339573
unif_D6,unif,,6,,10000,14,10000,20053,4.0106,0,1975,0.1975,1.0,0.10290995806755943,1.0,10000,0.10290995806756009
unif_D6,unif,,6,,10000,15,10000,20078,4.0156,0,1981,0.1981,1.0,0.11146836787533632,1.0,10000,0.11146836787534098
unif_D6,unif,,6,,10000,16,10000,20026,4.0052,0,1918,0.1918,1.0,0.11076796725866167,1.0,10000,0.11076796725866678
unif_D6,unif,,6,,10000,18,10000,20071,4.0142,0,1923,0.1923,1.0,0.11871688127242308,1.0,10000,0.11871688127241864
unif_D6,unif,,6,,10000,19,10000,19976,3.9952,0,2028,0.2028,1.0,0.11411594476067455,1.0,10000,0.11411594476067632
unif_D6,unif,,6,,10000,17,10000,20147,4.0294,0,1951,0.1951,1.0,0.11969688154139013,1.0,10000,0.11969688154139568
unif_D5,unif,,5,,100000,18,100000,174763,3.49526,0,25208,0.25208,1.0,0.07288338421723606,1.0,100000,0.07288338421725205
unif_D6,unif,,6,,100000,0,100000,199789,3.99578,0,20082,0.20082,1.0,0.0747852625264478,1.0,100000,0.07478526252644557
unif_D6,unif,,6,,100000,1,100000,200180,4.0036,0,19875,0.19875,1.0,0.09682774211528722,1.0,100000,0.09682774211528833
unif_D6,unif,,6,,100000,3,100000,199950,3.999,0,19856,0.19856,1.0,0.08117384578259479,1.0,100000,0.08117384578259346
unif_D6,unif,,6,,100000,4,100000,200195,4.0039,0,19765,0.19765,1.0,0.07799164335589404,1.0,100000,0.07799164335587805
unif_D6,unif,,6,,100000,2,100000,200004,4.00008,0,20028,0.20028,1.0,0.09808916655232292,1.0,100000,0.09808916655231559
unif_D6,unif,,6,,100000,5,100000,199693,3.99386,0,20007,0.20007,1.0,0.07182377049980193,1.0,100000,0.07182377049979927
unif_D6,unif,,6,,100000,6,100000,200018,4.00036,0,19906,0.19906,1.0,0.09810115929332586,1.0,100000,0.09810115929332563
unif_D6,unif,,6,,100000,7,100000,199830,3.9966,0,20158,0.20158,1.0,0.08482635874578959,1.0,100000,0.08482635874578648
unif_D6,unif,,6,,100000,8,100000,199465,3.9893,1,20111,0.20111,1.0,0.08970935624868503,0.99999,99999,0.08970935626466581
unif_D6,unif,,6,,100000,9,100000,199734,3.99468,0,20267,0.20267,1.0,0.09294311214946793,1.0,100000,0.09294311214946793
unif_D6,unif,,6,,100000,10,100000,199717,3.99434,0,20256,0.20256,1.0,0.07842521648040979,1.0,100000,0.07842521648041312
unif_D6,unif,,6,,100000,11,100000,200095,4.0019,0,19997,0.19997,1.0,0.09039407628122254,1.0,100000,0.09039407628121832
unif_D6,unif,,6,,100000,12,100000,199642,3.99284,1,20123,0.20123,1.0,0.09289429306033559,0.99999,99999,0.09289429644685465
unif_D6,unif,,6,,100000,13,100000,199843,3.99686,1,20044,0.20044,1.0,0.08022025948160194,0.99999,99999,0.08022025980436398
unif_D6,unif,,6,,100000,14,100000,200116,4.00232,0,20034,0.20034,1.0,0.08506925623979456,1.0,100000,0.08506925623979433
unif_D6,unif,,6,,100000,15,100000,200277,4.00554,1,19773,0.19773,1.0,0.07310219339799273,0.99999,99999,0.07310219359282688
unif_D6,unif,,6,,100000,16,100000,200000,4.0,0,19931,0.19931,1.0,0.09362275306076251,1.0,100000,0.09362275306076184
unif_D8,unif,,8,,1000,0,1000,2526,5.052,0,138,0.138,1.0,0.1992586330020534,1.0,1000,0.1992586330020534
unif_D8,unif,,8,,1000,1,1000,2500,5.0,0,152,0.152,1.0,0.19559393395164143,1.0,1000,0.19559393395164143
unif_D8,unif,,8,,1000,2,1000,2467,4.934,0,158,0.158,1.0,0.1911954692564563,1.0,1000,0.1911954692564563
unif_D8,unif,,8,,1000,3,1000,2478,4.956,1,129,0.129,1.0,0.20169922768885032,0.999,999,0.20170583399309172
unif_D8,unif,,8,,1000,4,1000,2411,4.822,0,166,0.166,1.0,0.18788378859687638,1.0,1000,0.18788378859687638
unif_D8,unif,,8,,1000,5,1000,2543,5.086,0,133,0.133,1.0,0.2024700153156392,1.0,1000,0.2024700153156392
unif_D8,unif,,8,,1000,6,1000,2487,4.974,0,144,0.144,1.0,0.1703497793500675,1.0,1000,0.1703497793500675
unif_D6,unif,,6,,100000,17,100000,199923,3.99846,1,20071,0.20071,1.0,0.10162756212304469,0.99999,99999,0.10162756355059499
unif_D8,unif,,8,,1000,7,1000,2476,4.952,1,151,0.151,1.0,0.1975993865937664,0.999,999,0.19760077023510753
unif_D8,unif,,8,,1000,9,1000,2513,5.026,0,128,0.128,1.0,0.1684624743846698,1.0,1000,0.1684624743846698
unif_D8,unif,,8,,1000,10,1000,2471,4.942,0,136,0.136,1.0,0.19286135033222074,1.0,1000,0.19286135033222074
unif_D8,unif,,8,,1000,11,1000,2444,4.888,0,147,0.147,1.0,0.18978847066590118,1.0,1000,0.18978847066590118
unif_D8,unif,,8,,1000,8,1000,2489,4.978,0,152,0.152,1.0,0.17903467254505512,1.0,1000,0.17903467254505512
unif_D8,unif,,8,,1000,12,1000,2481,4.962,0,152,0.152,1.0,0.1824460792114132,1.0,1000,0.1824460792114132
unif_D8,unif,,8,,1000,13,1000,2473,4.946,1,154,0.154,1.0,0.19873419684291999,0.999,999,0.19875527615876687
unif_D8,unif,,8,,1000,15,1000,2471,4.942,1,150,0.15,1.0,0.17081007179944602,0.999,999,0.17082059453313306
unif_D8,unif,,8,,1000,14,1000,2483,4.966,1,143,0.143,1.0,0.18834206029739128,0.999,999,0.18837260585269516
unif_D8,unif,,8,,1000,17,1000,2462,4.924,1,153,0.153,1.0,0.169504741195166,0.999,999,0.16951172465263592
unif_D8,unif,,8,,1000,16,1000,2453,4.906,0,166,0.166,1.0,0.1911608702595287,1.0,1000,0.1911608702595287
unif_D8,unif,,8,,1000,18,1000,2445,4.89,1,150,0.15,1.0,0.17691194278188604,0.999,999,0.17691651733976663
unif_D8,unif,,8,,1000,19,1000,2496,4.992,0,144,0.144,1.0,0.20145038666463963,1.0,1000,0.20145038666463963
unif_D8,unif,,8,,10000,2,10000,25057,5.0114,0,1434,0.1434,1.0,0.16454244814351693,1.0,10000,0.16454244814351648
unif_D8,unif,,8,,10000,1,10000,24854,4.9708,0,1423,0.1423,1.0,0.16872430223982837,1.0,10000,0.1687243022398215
unif_D8,unif,,8,,10000,0,10000,25115,5.023,0,1404,0.1404,1.0,0.192560313457125,1.0,10000,0.19256031345713343
unif_D8,unif,,8,,10000,3,10000,25161,5.0322,0,1354,0.1354,1.0,0.15343293255577017,1.0,10000,0.1534329325557695
unif_D8,unif,,8,,10000,4,10000,24918,4.9836,2,1479,0.1479,1.0,0.1813334841196188,0.9998,9998,0.181335463031276
unif_D8,unif,,8,,10000,5,10000,24946,4.9892,0,1482,0.1482,1.0,0.1788965231671309,1.0,10000,0.17889652316715
unif_D8,unif,,8,,10000,6,10000,24811,4.9622,0,1485,0.1485,1.0,0.16672455178294787,1.0,10000,0.16672455178294987
unif_D8,unif,,8,,10000,7,10000,25071,5.0142,1,1405,0.1405,1.0,0.12225379601682929,0.9999,9999,0.12225380916095219
unif_D8,unif,,8,,10000,8,10000,24925,4.985,0,1438,0.1438,1.0,0.1676525970264673,1.0,10000,0.16765259702646285
unif_D8,unif,,8,,10000,9,10000,24980,4.996,1,1461,0.1461,1.0,0.1595273919474811,0.9999,9999,0.15952739308045438
unif_D8,unif,,8,,10000,10,10000,24790,4.958,0,1493,0.1493,1.0,0.11317665286356893,1.0,10000,0.11317665286356782
unif_D8,unif,,8,,10000,11,10000,25023,5.0046,0,1423,0.1423,1.0,0.16534104487975942,1.0,10000,0.16534104487976853
unif_D8,unif,,8,,10000,12,10000,25015,5.003,0,1423,0.1423,1.0,0.10929006618109449,1.0,10000,0.1092900661810956
unif_D8,unif,,8,,10000,13,10000,25128,5.0256,0,1401,0.1401,1.0,0.13464167286433604,1.0,10000,0.13464167286434403
unif_D6,unif,,6,,100000,18,100000,199905,3.9981,0,19995,0.19995,1.0,0.09505069227429952,1.0,100000,0.09505069227430418
unif_D6,unif,,6,,100000,19,100000,199900,3.998,0,19839,0.19839,1.0,0.06363712365496244,1.0,100000,0.06363712365496399
unif_D8,unif,,8,,10000,14,10000,25019,5.0038,0,1427,0.1427,1.0,0.18593333099138332,1.0,10000,0.1859333309913782
unif_D8,unif,,8,,10000,15,10000,25089,5.0178,0,1386,0.1386,1.0,0.14826827264929054,1.0,10000,0.14826827264929077
unif_D8,unif,,8,,10000,16,10000,24874,4.9748,1,1418,0.1418,1.0,0.16225294610727192,0.9999,9999,0.16228300328947598
unif_D8,unif,,8,,10000,17,10000,25031,5.0062,0,1410,0.141,1.0,0.19469461596432103,1.0,10000,0.1946946159643097
unif_D8,unif,,8,,10000,18,10000,25013,5.0026,0,1424,0.1424,1.0,0.1449516188575133,1.0,10000,0.14495161885751062
unif_D8,unif,,8,,10000,19,10000,24941,4.9882,0,1399,0.1399,1.0,0.16700833547053673,1.0,10000,0.16700833547053096
unif_D8,unif,,8,,100000,2,100000,249123,4.98246,0,14395,0.14395,1.0,0.12210638778438088,1.0,100000,0.12210638778437799
unif_D8,unif,,8,,100000,0,100000,250079,5.00158,1,14367,0.14367,1.0,0.13389141596155252,0.99999,99999,0.13389141719461106
unif_D8,unif,,8,,100000,1,100000,249920,4.9984,0,14460,0.1446,1.0,0.1382287519902019,1.0,100000,0.13822875199020213
unif_D8,unif,,8,,100000,5,100000,250140,5.0028,0,14375,0.14375,1.0,0.14850025453124105,1.0,100000,0.1485002545312326
unif_D8,unif,,8,,100000,4,100000,250428,5.00856,0,14223,0.14223,1.0,0.14872174380911596,1.0,100000,0.14872174380910863
unif_D8,unif,,8,,100000,3,100000,250021,5.00042,0,14355,0.14355,1.0,0.14391653513961855,1.0,100000,0.14391653513961344
unif_D8,unif,,8,,100000,6,100000,250345,5.0069,0,14225,0.14225,1.0,0.13678698366223596,1.0,100000,0.13678698366223796
unif_D8,unif,,8,,100000,7,100000,250010,5.0002,0,14172,0.14172,1.0,0.1274769054897611,1.0,100000,0.12747690548976331
unif_D8,unif,,8,,100000,8,100000,249927,4.99854,1,14324,0.14324,1.0,0.1175489089057522,0.99999,99999,0.11754890937442841
unif_D8,unif,,8,,100000,9,100000,250189,5.00378,1,14034,0.14034,1.0,0.1401106555556244,0.99999,99999,0.1401106575258888
unif_D8,unif,,8,,100000,10,100000,250331,5.00662,0,14297,0.14297,1.0,0.13217493465439367,1.0,100000,0.13217493465439345
unif_D8,unif,,8,,100000,11,100000,250067,5.00134,0,14201,0.14201,1.0,0.14187246485872906,1.0,100000,0.14187246485873106
unif_D8,unif,,8,,100000,12,100000,249952,4.99904,0,14326,0.14326,1.0,0.13711722372943225,1.0,100000,0.13711722372942514
unif_D8,unif,,8,,100000,13,100000,249975,4.9995,0,14332,0.14332,1.0,0.10725474333731277,1.0,100000,0.10725474333731166
unif_D8,unif,,8,,100000,16,100000,249601,4.99202,0,14448,0.14448,1.0,0.1257349717718641,1.0,100000,0.125734971771863
unif_D8,unif,,8,,100000,15,100000,250543,5.01086,0,14302,0.14302,1.0,0.14645501144556028,1.0,100000,0.1464550114455634
unif_D12,unif,,12,,1000,0,1000,3461,6.922,0,96,0.096,1.0,0.2805582051021054,1.0,1000,0.2805582051021054
unif_D8,unif,,8,,100000,14,100000,250284,5.00568,0,14367,0.14367,1.0,0.1469049981605326,1.0,100000,0.14690499816054103
unif_D12,unif,,12,,1000,1,1000,3477,6.954,0,93,0.093,1.0,0.29374709172130997,1.0,1000,0.29374709172130997
unif_D12,unif,,12,,1000,2,1000,3458,6.916,0,102,0.102,1.0,0.24413682961382707,1.0,1000,0.24413682961382707
unif_D12,unif,,12,,1000,3,1000,3446,6.892,0,96,0.096,1.0,0.29165170004037955,1.0,1000,0.29165170004037955
unif_D12,unif,,12,,1000,4,1000,3489,6.978,0,92,0.092,1.0,0.3019924778718185,1.0,1000,0.3019924778718185
unif_D12,unif,,12,,1000,5,1000,3462,6.924,0,95,0.095,1.0,0.24460678648182207,1.0,1000,0.24460678648182207
unif_D12,unif,,12,,1000,6,1000,3478,6.956,1,88,0.088,1.0,0.2332300282054378,0.999,999,0.23323367119379315
unif_D12,unif,,12,,1000,7,1000,3528,7.056,0,92,0.092,1.0,0.24305748723768603,1.0,1000,0.24305748723768603
unif_D12,unif,,12,,1000,8,1000,3441,6.882,1,104,0.104,1.0,0.29333995598323187,0.999,999,0.2933459391873176
unif_D8,unif,,8,,100000,17,100000,249916,4.99832,0,14245,0.14245,1.0,0.15058586668764007,1.0,100000,0.15058586668763874
unif_D12,unif,,12,,1000,9,1000,3478,6.956,0,84,0.084,1.0,0.2762954985557176,1.0,1000,0.2762954985557176
unif_D12,unif,,12,,1000,10,1000,3488,6.976,0,92,0.092,1.0,0.2929000887429644,1.0,1000,0.2929000887429644
unif_D12,unif,,12,,1000,12,1000,3443,6.886,0,90,0.09,1.0,0.2946558502287846,1.0,1000,0.2946558502287846
unif_D12,unif,,12,,1000,11,1000,3433,6.866,1,101,0.101,1.0,0.2604905844759576,0.999,999,0.2604938543348711
unif_D12,unif,,12,,1000,13,1000,3506,7.012,0,84,0.084,1.0,0.2857707025840782,1.0,1000,0.2857707025840782
unif_D12,unif,,12,,1000,15,1000,3468,6.936,0,100,0.1,1.0,0.2916059122908615,1.0,1000,0.2916059122908615
unif_D12,unif,,12,,1000,16,1000,3457,6.914,1,84,0.084,1.0,0.28911280827779173,0.999,999,0.2891765657340674
unif_D12,unif,,12,,1000,17,1000,3474,6.948,0,78,0.078,1.0,0.2858724184934495,1.0,1000,0.2858724184934495
unif_D12,unif,,12,,1000,14,1000,3529,7.058,0,94,0.094,1.0,0.28713808749783293,1.0,1000,0.28713808749783293
unif_D12,unif,,12,,1000,18,1000,3415,6.83,0,97,0.097,1.0,0.28043088717061526,1.0,1000,0.28043088717061526
unif_D12,unif,,12,,10000,1,10000,35131,7.0262,1,875,0.0875,1.0,0.2373162441673351,0.9999,9999,0.23731626454986898
unif_D12,unif,,12,,1000,19,1000,3442,6.884,0,105,0.105,1.0,0.29888850512359605,1.0,1000,0.29888850512359605
unif_D12,unif,,12,,10000,0,10000,35170,7.034,0,912,0.0912,1.0,0.24024041163942988,1.0,10000,0.2402404116394241
unif_D12,unif,,12,,10000,2,10000,34813,6.9626,0,870,0.087,1.0,0.2708987449146527,1.0,10000,0.27089874491466004
unif_D12,unif,,12,,10000,4,10000,35077,7.0154,0,934,0.0934,1.0,0.22094092104749774,1.0,10000,0.22094092104749952
unif_D12,unif,,12,,10000,3,10000,35114,7.0228,0,911,0.0911,1.0,0.24323900832378342,1.0,10000,0.2432390083237852
unif_D12,unif,,12,,10000,5,10000,35065,7.013,0,920,0.092,1.0,0.2690005325481004,1.0,10000,0.2690005325481015
unif_D12,unif,,12,,10000,6,10000,34764,6.9528,0,950,0.095,1.0,0.22515743900344298,1.0,10000,0.2251574390034481
unif_D12,unif,,12,,10000,7,10000,35074,7.0148,0,880,0.088,1.0,0.25731644759579764,1.0,10000,0.2573164475957981
unif_D12,unif,,12,,10000,8,10000,35099,7.0198,0,866,0.0866,1.0,0.22150312173623288,1.0,10000,0.22150312173623132
unif_D12,unif,,12,,10000,9,10000,35117,7.0234,1,888,0.0888,1.0,0.2361933619869987,0.9999,9999,0.23619351350306506
unif_D12,unif,,12,,10000,10,10000,35132,7.0264,0,911,0.0911,1.0,0.265714542887699,1.0,10000,0.265714542887699
unif_D12,unif,,12,,10000,11,10000,34960,6.992,0,892,0.0892,1.0,0.2660306591228987,1.0,10000,0.2660306591228909
unif_D12,unif,,12,,10000,12,10000,34840,6.968,0,929,0.0929,1.0,0.23359469067560146,1.0,10000,0.23359469067560457
unif_D8,unif,,8,,100000,18,100000,250029,5.00058,0,14331,0.14331,1.0,0.13474850736107546,1.0,100000,0.13474850736107546
unif_D12,unif,,12,,10000,13,10000,35178,7.0356,0,894,0.0894,1.0,0.2323928499818817,1.0,10000,0.23239284998188015
unif_D12,unif,,12,,10000,14,10000,35225,7.045,0,862,0.0862,1.0,0.21322812419096304,1.0,10000,0.21322812419095616
unif_D12,unif,,12,,10000,16,10000,35075,7.015,1,903,0.0903,1.0,0.24571669602073265,0.9999,9999,0.24571670942672674
unif_D12,unif,,12,,10000,15,10000,35057,7.0114,0,868,0.0868,1.0,0.2623922028682142,1.0,10000,0.2623922028682142
unif_D12,unif,,12,,10000,18,10000,34886,6.9772,0,946,0.0946,1.0,0.2449293934104979,1.0,10000,0.2449293934104979
unif_D8,unif,,8,,100000,19,100000,249623,4.99246,1,14445,0.14445,1.0,0.15339091399908322,0.99999,99999,0.1533909219001881
unif_D12,unif,,12,,10000,19,10000,35324,7.0648,0,833,0.0833,1.0,0.2649333225075743,1.0,10000,0.26493332250756985
unif_D12,unif,,12,,10000,17,10000,34739,6.9478,0,901,0.0901,1.0,0.2260371783358448,1.0,10000,0.22603717833584058
unif_D12,unif,,12,,100000,0,100000,349180,6.9836,0,9131,0.09131,1.0,0.16917047534463858,1.0,100000,0.1691704753446368
unif_D12,unif,,12,,100000,1,100000,349672,6.99344,0,9158,0.09158,1.0,0.19448049394528444,1.0,100000,0.19448049394528577
unif_D12,unif,,12,,100000,2,100000,350736,7.01472,0,9046,0.09046,1.0,0.19782305602323524,1.0,100000,0.19782305602324257
unif_D12,unif,,12,,100000,3,100000,349962,6.99924,1,9128,0.09128,1.0,0.18332445631990057,0.99999,99999,0.18332445645208306
unif_D12,unif,,12,,100000,5,100000,350301,7.00602,0,8976,0.08976,1.0,0.20078095797544027,1.0,100000,0.20078095797544204
unif_D12,unif,,12,,100000,4,100000,349883,6.99766,0,9036,0.09036,1.0,0.2051942189134759,1.0,100000,0.20519421891346856
unif_D12,unif,,12,,100000,6,100000,349176,6.98352,0,9235,0.09235,1.0,0.20445358741485142,1.0,100000,0.20445358741484831
unif_D12,unif,,12,,100000,8,100000,349637,6.99274,0,9053,0.09053,1.0,0.18733648484913856,1.0,100000,0.18733648484914278
unif_D12,unif,,12,,100000,7,100000,349471,6.98942,0,9237,0.09237,1.0,0.18401070889184523,1.0,100000,0.184010708891841
unif_D12,unif,,12,,100000,9,100000,349394,6.98788,0,9198,0.09198,1.0,0.19612570903749615,1.0,100000,0.19612570903749127
unif_D12,unif,,12,,100000,10,100000,349891,6.99782,0,9025,0.09025,1.0,0.17840664831032393,1.0,100000,0.1784066483103266
unif_D12,unif,,12,,100000,11,100000,349002,6.98004,0,9187,0.09187,1.0,0.17804971169561368,1.0,100000,0.17804971169560435
unif_D12,unif,,12,,100000,12,100000,350859,7.01718,0,9072,0.09072,1.0,0.2126553493100536,1.0,100000,0.21265534931004137
unif_D12,unif,,12,,100000,13,100000,349370,6.9874,0,9184,0.09184,1.0,0.19738762968469237,1.0,100000,0.19738762968470436
unif_D12,unif,,12,,100000,14,100000,349756,6.99512,0,9075,0.09075,1.0,0.21386665087741008,1.0,100000,0.21386665087741252
unif_D20,unif,,20,,1000,0,1000,5583,11.166,0,41,0.041,1.0,0.4282631096829841,1.0,1000,0.4282631096829841
unif_D12,unif,,12,,100000,15,100000,349018,6.98036,0,9213,0.09213,1.0,0.22650154160792324,1.0,100000,0.22650154160794633
unif_D12,unif,,12,,100000,16,100000,350421,7.00842,0,9107,0.09107,1.0,0.18807989253908763,1.0,100000,0.18807989253908652
unif_D20,unif,,20,,1000,1,1000,5395,10.79,0,56,0.056,1.0,0.3926717309073662,1.0,1000,0.3926717309073662
unif_D12,unif,,12,,100000,17,100000,350408,7.00816,0,9017,0.09017,1.0,0.21565100650233293,1.0,100000,0.2156510065023356
unif_D20,unif,,20,,1000,2,1000,5590,11.18,0,69,0.069,1.0,0.39635487281343995,1.0,1000,0.39635487281343995
unif_D20,unif,,20,,1000,4,1000,5396,10.792,1,42,0.042,1.0,0.36626723757475743,0.999,999,0.36626804818585607
unif_D20,unif,,20,,1000,3,1000,5502,11.004,0,55,0.055,1.0,0.3948319715939789,1.0,1000,0.3948319715939789
unif_D20,unif,,20,,1000,5,1000,5442,10.884,0,49,0.049,1.0,0.3683877957530571,1.0,1000,0.3683877957530571
unif_D20,unif,,20,,1000,6,1000,5508,11.016,0,49,0.049,1.0,0.34749146034858547,1.0,1000,0.34749146034858547
unif_D20,unif,,20,,1000,7,1000,5647,11.294,0,53,0.053,1.0,0.4131145420220001,1.0,1000,0.4131145420220001
unif_D20,unif,,20,,1000,8,1000,5532,11.064,0,57,0.057,1.0,0.4306606074876186,1.0,1000,0.4306606074876186
unif_D20,unif,,20,,1000,10,1000,5468,10.936,0,60,0.06,1.0,0.39063340179991984,1.0,1000,0.39063340179991984
unif_D20,unif,,20,,1000,11,1000,5514,11.028,0,49,0.049,1.0,0.42095454092488266,1.0,1000,0.42095454092488266
unif_D20,unif,,20,,1000,12,1000,5498,10.996,2,58,0.058,1.0,0.3823123438322769,0.998,998,0.3823126560494118
unif_D20,unif,,20,,1000,13,1000,5351,10.702,0,49,0.049,1.0,0.41258219998909174,1.0,1000,0.41258219998909174
unif_D20,unif,,20,,1000,14,1000,5465,10.93,0,49,0.049,1.0,0.39494673817824033,1.0,1000,0.39494673817824033
unif_D20,unif,,20,,1000,9,1000,5386,10.772,0,42,0.042,1.0,0.36558594738243866,1.0,1000,0.36558594738243866
unif_D20,unif,,20,,1000,16,1000,5469,10.938,0,66,0.066,1.0,0.3637325062980066,1.0,1000,0.3637325062980066
unif_D20,unif,,20,,1000,15,1000,5481,10.962,0,51,0.051,1.0,0.4081970337997354,1.0,1000,0.4081970337997354
unif_D20,unif,,20,,1000,18,1000,5360,10.72,0,59,0.059,1.0,0.3947623127835664,1.0,1000,0.3947623127835664
unif_D20,unif,,20,,1000,19,1000,5368,10.736,0,55,0.055,1.0,0.35665971102932376,1.0,1000,0.35665971102932376
unif_D20,unif,,20,,1000,17,1000,5516,11.032,1,49,0.049,1.0,0.42459564503376657,0.999,999,0.4270117226196842
unif_D20,unif,,20,,10000,1,10000,54927,10.9854,0,561,0.0561,1.0,0.3566391147031225,1.0,10000,0.35663911470312204
unif_D20,unif,,20,,10000,0,10000,55203,11.0406,0,530,0.053,1.0,0.3403335250677135,1.0,10000,0.34033352506771486
unif_D20,unif,,20,,10000,3,10000,54404,10.8808,0,527,0.0527,1.0,0.3481203069293035,1.0,10000,0.3481203069293055
unif_D20,unif,,20,,10000,4,10000,54595,10.919,0,551,0.0551,1.0,0.37065776653916993,1.0,10000,0.3706577665391646
unif_D20,unif,,20,,10000,2,10000,54918,10.9836,0,525,0.0525,1.0,0.3970089981009508,1.0,10000,0.39700899810094303
unif_D20,unif,,20,,10000,5,10000,55182,11.0364,0,453,0.0453,1.0,0.39455409494519755,1.0,10000,0.3945540949452049
unif_D20,unif,,20,,10000,6,10000,54736,10.9472,0,496,0.0496,1.0,0.34647374251455165,1.0,10000,0.3464737425145483
unif_D20,unif,,20,,10000,8,10000,55017,11.0034,0,510,0.051,1.0,0.32702726779567515,1.0,10000,0.32702726779567315
unif_D20,unif,,20,,10000,7,10000,54390,10.878,0,510,0.051,1.0,0.36564978787792923,1.0,10000,0.36564978787793034
unif_D20,unif,,20,,10000,9,10000,55087,11.0174,1,508,0.0508,1.0,0.3902876258365384,0.9999,9999,0.390288561675584
unif_D20,unif,,20,,10000,10,10000,54805,10.961,0,575,0.0575,1.0,0.3674952794728832,1.0,10000,0.3674952794728772
unif_D20,unif,,20,,10000,11,10000,54774,10.9548,0,547,0.0547,1.0,0.3042365183962734,1.0,10000,0.30423651839628096
unif_D20,unif,,20,,10000,12,10000,54893,10.9786,0,530,0.053,1.0,0.3186920862025868,1.0,10000,0.31869208620258527
unif_D20,unif,,20,,10000,13,10000,55290,11.058,0,543,0.0543,1.0,0.3252789358473931,1.0,10000,0.325278935847396
unif_D20,unif,,20,,10000,14,10000,55022,11.0044,0,531,0.0531,1.0,0.3883611847737658,1.0,10000,0.38836118477377113
unif_D20,unif,,20,,10000,16,10000,55091,11.0182,0,563,0.0563,1.0,0.33326292419506376,1.0,10000,0.33326292419505865
unif_D20,unif,,20,,10000,15,10000,54905,10.981,0,517,0.0517,1.0,0.40205584346597956,1.0,10000,0.402055843465966
unif_D20,unif,,20,,10000,17,10000,54963,10.9926,0,531,0.0531,1.0,0.3502298997688482,1.0,10000,0.3502298997688442
unif_D20,unif,,20,,10000,18,10000,55071,11.0142,0,516,0.0516,1.0,0.38077007094105486,1.0,10000,0.3807700709410584
unif_D12,unif,,12,,100000,18,100000,349976,6.99952,0,9047,0.09047,1.0,0.20152503371067487,1.0,100000,0.20152503371067043
unif_D20,unif,,20,,10000,19,10000,55178,11.0356,0,526,0.0526,1.0,0.3314749920746485,1.0,10000,0.33147499207464715
unif_D12,unif,,12,,100000,19,100000,349523,6.99046,0,9135,0.09135,1.0,0.1949482759803447,1.0,100000,0.19494827598034026
unif_D20,unif,,20,,100000,0,100000,548780,10.9756,0,5379,0.05379,1.0,0.3313300566023911,1.0,100000,0.3313300566023887
unif_D20,unif,,20,,100000,2,100000,550608,11.01216,0,5316,0.05316,1.0,0.25834953318263953,1.0,100000,0.258349533182636
unif_D20,unif,,20,,100000,4,100000,550704,11.01408,0,5279,0.05279,1.0,0.3084954765693142,1.0,100000,0.3084954765693202
unif_D20,unif,,20,,100000,1,100000,549299,10.98598,0,5386,0.05386,1.0,0.2966057553853487,1.0,100000,0.29660575538534584
unif_D20,unif,,20,,100000,3,100000,549475,10.9895,0,5220,0.0522,1.0,0.2632376387607769,1.0,100000,0.2632376387607782
unif_D20,unif,,20,,100000,5,100000,550815,11.0163,0,5260,0.0526,1.0,0.32815570980002784,1.0,100000,0.3281557098000303
unif_D20,unif,,20,,100000,6,100000,548840,10.9768,0,5323,0.05323,1.0,0.25802778043280594,1.0,100000,0.25802778043280905
unif_D20,unif,,20,,100000,7,100000,549225,10.9845,0,5297,0.05297,1.0,0.26152898623418497,1.0,100000,0.26152898623417764
unif_D20,unif,,20,,100000,9,100000,549483,10.98966,0,5270,0.0527,1.0,0.2708395253878906,1.0,100000,0.27083952538789613
unif_D20,unif,,20,,100000,8,100000,550431,11.00862,0,5231,0.05231,1.0,0.2975935477734031,1.0,100000,0.2975935477733942
unif_D20,unif,,20,,100000,10,100000,550734,11.01468,0,5246,0.05246,1.0,0.2992640328313476,1.0,100000,0.2992640328313394
unif_D20,unif,,20,,100000,11,100000,549920,10.9984,1,5237,0.05237,1.0,0.3171049894219018,0.99999,99999,0.3171049895904414
unif_D20,unif,,20,,100000,12,100000,550696,11.01392,0,5219,0.05219,1.0,0.2915660801949338,1.0,100000,0.29156608019493735
unif_D20,unif,,20,,100000,13,100000,550726,11.01452,0,5254,0.05254,1.0,0.30092704728257536,1.0,100000,0.3009270472825831
unif_D20,unif,,20,,100000,14,100000,549407,10.98814,0,5221,0.05221,1.0,0.3052489224322923,1.0,100000,0.30524892243229074
unif_D20,unif,,20,,100000,15,100000,551887,11.03774,0,5123,0.05123,1.0,0.30291877717437177,1.0,100000,0.3029187771743662
unif_D20,unif,,20,,100000,16,100000,550530,11.0106,0,5227,0.05227,1.0,0.31166363476298353,1.0,100000,0.311663634762984
unif_D20,unif,,20,,100000,17,100000,549704,10.99408,0,5278,0.05278,1.0,0.26274086118831974,1.0,100000,0.2627408611883184
unif_D20,unif,,20,,100000,18,100000,549606,10.99212,0,5263,0.05263,1.0,0.26411150247249426,1.0,100000,0.26411150247249116
unif_D20,unif,,20,,100000,19,100000,549980,10.9996,0,5246,0.05246,1.0,0.3222078688402452,1.0,100000,0.32220786884023833
